Workbook

Sheet 2024
A1: Cód. Item | B1: Item | C1: Unidade | D1: Qtde. | E1: Custo 2024
A2: 1130 | B2: CAIXA DRIP COFFEE SCADA COM 10 SACHES | C2: CX | D2: 3 | E2: {=iferror(XLOOKUP(B2,Notas!A:A,Notas!N:N),"")} -> 88.5
A3: 6 | B3: CAPPUCCINO DIET | C3: KG | D3: 4.13 | E3: {=iferror(XLOOKUP(B3,Notas!A:A,Notas!N:N),"")}
A4: 2 | B4: CAPPUCCINO SCADA - 1KG | C4: KG | D4: 189.027 | E4: {=iferror(XLOOKUP(B4,Notas!A:A,Notas!N:N),"")}
A5: 436 | B5: CHA MATE SOLUVEL | C5: KG | D5: 0.071 | E5: {=iferror(XLOOKUP(B5,Notas!A:A,Notas!N:N),"")}
A6: 1059 | B6: CHA MATE TOSTADO | C6: KG | D6: 27.9822 | E6: {=iferror(XLOOKUP(B6,Notas!A:A,Notas!N:N),"")}
A7: 107 | B7: CHA QUENTE NACIONAL SACHE | C7: UN | D7: 920 | E7: {=iferror(XLOOKUP(B7,Notas!A:A,Notas!N:N),"")}
A8: 441 | B8: CHOCOLATE CREMOSO- 1,05KG | C8: KG | D8: 78.1635 | E8: {=iferror(XLOOKUP(B8,Notas!A:A,Notas!N:N),"")}
A9: 12 | B9: OVOMALTINE | C9: KG | D9: 3.185 | E9: {=iferror(XLOOKUP(B9,Notas!A:A,Notas!N:N),"")}
A10: 1166 | B10: SACHE AVULSO DRIP COFFEE | C10: UN | D10: 6 | E10: {=iferror(XLOOKUP(B10,Notas!A:A,Notas!N:N),"")} -> 0
A11: 725 | B11: SCADA B.AMARELO=CITRIC0 GRAO 250GR | C11: KG | D11: 26.14 | E11: {=iferror(XLOOKUP(B11,Notas!A:A,Notas!N:N),"")} -> 2073.6
A12: 723 | B12: SCADA B.VERMELHO=FRUTADO GRAO 250GR | C12: KG | D12: 62.26 | E12: {=iferror(XLOOKUP(B12,Notas!A:A,Notas!N:N),"")} -> 6640
A13: 1149 | B13: SCADA BLEND GRAO 1 KG | C13: KG | D13: 460.6658 | E13: {=iferror(XLOOKUP(B13,Notas!A:A,Notas!N:N),"")} -> 39416.3
... A19: 545 | B19: UNIQUE EDICAO RARIDADE GRAO 150G | C19: KG | D19: 4.335 | E19: {=iferror(XLOOKUP(B19,Notas!A:A,Notas!N:N),"")} -> 3460.8

Sheet Notas
A1: 2024 | B1: 1 | C1: =B1+1 -> 2 | D1: =C1+1 -> 3 | E1: =D1+1 -> 4 | F1: =E1+1 -> 5 | G1: =F1+1 -> 6 | H1: =G1+1 -> 7 | I1: =H1+1 -> 8 | J1: =I1+1 -> 9 | ... M1: =L1+1 -> 12 | N1: Total
A2: CAIXA DRIP COFFEE SCADA COM 10 SACHES | I2: 59 | J2: 29.5 | N2: =SUM(B2:M2) -> 88.5
A3: GARRAFA 20 ANOS SCADA | N3: =SUM(B3:M3) -> 0
A4: SACHE AVULSO DRIP COFFEE | N4: =SUM(B4:M4) -> 0
A5: SCADA B.AMARELO=CITRIC0 GRAO 250GR | E5: 240 | G5: 360 | H5: 345.6 | J5: 408 | K5: 360 | L5: 360 | N5: =SUM(B5:M5) -> 2073.6
A6: SCADA B.VERMELHO=FRUTADO GRAO 250GR | B6: 720 | D6: 720 | E6: 600 | F6: 600 | G6: 480 | H6: 664 | I6: 480 | J6: 600 | K6: 1200 | L6: 576 | N6: =SUM(B6:M6) -> 6640
A7: SCADA BLEND GRAO 1 KG | B7: 2624 | C7: 3280 | D7: 3936 | E7: 3936 | F7: 2624 | G7: 3936 | H7: 3583.3 | I7: 2624 | J7: 4345 | K7: 3936 | L7: 4592 | N7: =SUM(B7:M7) -> 39416.3
A8: SCADA BLEND GRAO 250G | B8: 720 | D8: 360 | E8: 480 | F8: 480 | G8: 288 | H8: 493.33333 | I8: 480 | J8: 480 | K8: 720 | L8: 432 | N8: =SUM(B8:M8) -> 4933.3333
A9: SCADA DESCAFEINADO GRAO 250G | C9: 215 | D9: 215 | E9: 215 | G9: 645 | H9: 344 | K9: 430 | N9: =SUM(B9:M9) -> 2064
A10: SCADA ED. 20 ANOS - RARIDADE | N10: =SUM(B10:M10) -> 0
A11: SCADA EDICAO ESPECIAL GRAO 250G | C11: 504 | F11: 1008 | H11: 756 | N11: =SUM(B11:M11) -> 2268
A12: SCADA ORGANICO GRAO 250G | C12: 160 | D12: 128 | E12: 160 | H12: 147.2 | K12: 128 | L12: 160 | N12: =SUM(B12:M12) -> 883.2
A13: UNIQUE EDICAO ESPECIAL GRAO 250G | B13: 42 | D13: 294 | F13: 420 | G13: 420 | H13: 371 | J13: =420+210 -> 630 | L13: 420 | N13: =SUM(B13:M13) -> 2597
A14: UNIQUE EDICAO RARIDADE GRAO 150G | F14: 416 | G14: 520 | H14: 576.8 | I14: =520+260 -> 780 | K14: 520 | L14: =336+312 -> 648 | N14: =SUM(B14:M14) -> 3460.8
A15: Total | B15: =SUM(B2:B14) -> 4106 | C15: =SUM(C2:C14) -> 4159 | D15: =SUM(D2:D14) -> 5653 | E15: =SUM(E2:E14) -> 5631 | F15: =SUM(F2:F14) -> 5548 | G15: =SUM(G2:G14) -> 6649 | H15: =SUM(H2:H14) -> 7281.2333 | I15: =SUM(I2:I14) -> 4423 | ... M15: =SUM(M2:M14) -> 0 | N15: =SUM(B15:M15) -> 64424.733
