Workbook

Sheet Junho
A1: META JUNHO
A3: FATURAMENTO BRUTO
A5: Dia | C5: Meta | D5: Realizado | E5: Meta negativa | F5: Nova
A6: 1 | B6: segunda-feira | C6: 2441.7259 | E6: =C6*-1 -> -2441.7259 | F6: =C6-('Calculo '!$D$33*'Calculo '!B2) -> 2441.7259 | K6: Análises
A7: 2 | B7: terça-feira | C7: 2595.8213 | E7: =C7*-1 -> -2595.8212 | F7: =C7-('Calculo '!$D$33*'Calculo '!B3) -> 2595.8212 | L7: Acompanhamento meta diária
A8: 3 | B8: quarta-feira | C8: 3050.3745 | E8: =C8*-1 -> -3050.3745 | F8: =C8-('Calculo '!$D$33*'Calculo '!B4) -> 3050.3745 | L8: Meta Dia | M8: {=INDEX(F2:F36,MATCH(1,INDEX((D2:D36="")*(F2:F36<>""),0),0))} -> 2441.7259
A9: 4 | B9: quinta-feira | C9: 2625.0139 | E9: =C9*-1 -> -2625.0139 | F9: =C9-('Calculo '!$D$33*'Calculo '!B5) -> 2625.0139 | L9: Hora | M9: Meta | N9: Parciais | O9: Déficit
A10: 5 | B10: sexta-feira | C10: 2871.5239 | E10: =C10*-1 -> -2871.5239 | F10: =C10-('Calculo '!$D$33*'Calculo '!B6) -> 2871.5239 | L10: 0.45833333 | M10: =M8/COUNT(L10:L22) -> 203.47716 | O10: =M10-N10 -> 203.47716
A11: 6 | B11: sábado | C11: 4812.1842 | E11: =C11*-1 -> -4812.1842 | F11: =C11-('Calculo '!$D$33*'Calculo '!B7) -> 4812.1842 | G11: Meta semanal | H11: =SUM(C6:C12) -> 22914.253 | I11: =IF(H12>0,"Parabéns!!!","-") -> - | L11: 0.5 | M11: =M10*2 -> 406.95432 | O11: =M11-N11 -> 406.95432
A12: 7 | B12: domingo | C12: 4517.6093 | E12: =C12*-1 -> -4517.6093 | F12: =C12-('Calculo '!$D$33*'Calculo '!B8) -> 4517.6093 | G12: =IF(H12>0,"Superávit","Déficit") -> Déficit | H12: =SUM(D6:D12)-H11 -> -22914.253 | L12: 0.54166667 | M12: =M11+$M$10 -> 610.43148 | O12: =M12-N12 -> 610.43148
A13: 8 | B13: segunda-feira | C13: 2441.7259 | E13: =C13*-1 -> -2441.7259 | F13: =C13-('Calculo '!$D$33*'Calculo '!B9) -> 2441.7259 | L13: 0.58333333 | M13: =M12+$M$10 -> 813.90864 | O13: =M13-N13 -> 813.90864
A14: 9 | B14: terça-feira | C14: 2595.8213 | E14: =C14*-1 -> -2595.8212 | F14: =C14-('Calculo '!$D$33*'Calculo '!B10) -> 2595.8212 | L14: 0.625 | M14: =M13+$M$10 -> 1017.3858 | O14: =M14-N14 -> 1017.3858
A15: 10 | B15: quarta-feira | C15: 3050.3745 | E15: =C15*-1 -> -3050.3745 | F15: =C15-('Calculo '!$D$33*'Calculo '!B11) -> 3050.3745 | L15: 0.66666667 | M15: =M14+$M$10 -> 1220.863 | O15: =M15-N15 -> 1220.863
A16: 11 | B16: quinta-feira | C16: 2625.0139 | E16: =C16*-1 -> -2625.0139 | F16: =C16-('Calculo '!$D$33*'Calculo '!B12) -> 2625.0139 | L16: 0.70833333 | M16: =M15+$M$10 -> 1424.3401 | O16: =M16-N16 -> 1424.3401
A17: 12 | B17: sexta-feira | C17: 2871.5239 | E17: =C17*-1 -> -2871.5239 | F17: =C17-('Calculo '!$D$33*'Calculo '!B13) -> 2871.5239 | L17: 0.75 | M17: =M16+$M$10 -> 1627.8173 | O17: =M17-N17 -> 1627.8173
A18: 13 | B18: sábado | C18: 4812.1842 | E18: =C18*-1 -> -4812.1842 | F18: =C18-('Calculo '!$D$33*'Calculo '!B14) -> 4812.1842 | L18: 0.79166667 | M18: =M17+$M$10 -> 1831.2944 | O18: =M18-N18 -> 1831.2944
A19: 14 | B19: domingo | C19: 4517.6093 | E19: =C19*-1 -> -4517.6093 | F19: =C19-('Calculo '!$D$33*'Calculo '!B15) -> 4517.6093 | G19: Meta semanal | H19: =SUM(C13:C20) -> 25355.979 | I19: =IF(H20>0,"Parabéns!!!","-") -> - | L19: 0.83333333 | M19: =M18+$M$10 -> 2034.7716 | O19: =M19-N19 -> 2034.7716
A20: 15 | B20: segunda-feira | C20: 2441.7259 | E20: =C20*-1 -> -2441.7259 | F20: =C20-('Calculo '!$D$33*'Calculo '!B16) -> 2441.7259 | G20: =IF(H20>0,"Superávit","Déficit") -> Déficit | H20: =SUM(D13:D20)-H19 -> -25355.979 | L20: 0.875 | M20: =M19+$M$10 -> 2238.2488 | O20: =M20-N20 -> 2238.2488
A21: 16 | B21: terça-feira | C21: 2595.8213 | E21: =C21*-1 -> -2595.8212 | F21: =C21-('Calculo '!$D$33*'Calculo '!B17) -> 2595.8212 | L21: 0.91666667 | M21: =M20+$M$10 -> 2441.7259 | O21: =M21-N21 -> 2441.7259
A22: 17 | B22: quarta-feira | C22: 3050.3745 | E22: =C22*-1 -> -3050.3745 | F22: =C22-('Calculo '!$D$33*'Calculo '!B18) -> 3050.3745
A23: 18 | B23: quinta-feira | C23: 2625.0139 | E23: =C23*-1 -> -2625.0139 | F23: =C23-('Calculo '!$D$33*'Calculo '!B19) -> 2625.0139
A24: 19 | B24: sexta-feira | C24: 2871.5239 | E24: =C24*-1 -> -2871.5239 | F24: =C24-('Calculo '!$D$33*'Calculo '!B20) -> 2871.5239
A25: 20 | B25: sábado | C25: 4812.1842 | E25: =C25*-1 -> -4812.1842 | F25: =C25-('Calculo '!$D$33*'Calculo '!B21) -> 4812.1842
A26: 21 | B26: domingo | C26: 4517.6093 | E26: =C26*-1 -> -4517.6093 | F26: =C26-('Calculo '!$D$33*'Calculo '!B22) -> 4517.6093
A27: 22 | B27: segunda-feira | C27: 2441.7259 | E27: =C27*-1 -> -2441.7259 | F27: =C27-('Calculo '!$D$33*'Calculo '!B23) -> 2441.7259 | G27: Meta semanal | H27: =SUM(C21:C28) -> 25510.074 | I27: =IF(H28>0,"Parabéns!!!","-") -> -
A28: 23 | B28: terça-feira | C28: 2595.8213 | E28: =C28*-1 -> -2595.8212 | F28: =C28-('Calculo '!$D$33*'Calculo '!B24) -> 2595.8212 | G28: =IF(H28>0,"Superávit","Déficit") -> Déficit | H28: =SUM(D21:D28)-H27 -> -25510.074
A29: 24 | B29: quarta-feira | C29: 3050.3745 | E29: =C29*-1 -> -3050.3745 | F29: =C29-('Calculo '!$D$33*'Calculo '!B25) -> 3050.3745
A30: 25 | B30: quinta-feira | C30: 2625.0139 | E30: =C30*-1 -> -2625.0139 | F30: =C30-('Calculo '!$D$33*'Calculo '!B26) -> 2625.0139
A31: 26 | B31: sexta-feira | C31: 2871.5239 | E31: =C31*-1 -> -2871.5239 | F31: =C31-('Calculo '!$D$33*'Calculo '!B27) -> 2871.5239
A32: 27 | B32: sábado | C32: 4812.1842 | E32: =C32*-1 -> -4812.1842 | F32: =C32-('Calculo '!$D$33*'Calculo '!B28) -> 4812.1842
A33: 28 | B33: domingo | C33: 4517.6093 | E33: =C33*-1 -> -4517.6093 | F33: =C33-('Calculo '!$D$33*'Calculo '!B29) -> 4517.6093
A34: 29 | B34: segunda-feira | C34: 2441.7259 | F34: =C34-('Calculo '!$D$33*'Calculo '!B30) -> 2441.7259 | G34: Meta semanal | H34: =SUM(C29:C35) -> 22914.253 | I34: =IF(H28>0,"Parabéns!!!","-") -> -
A35: 30 | B35: terça-feira | C35: 2595.8213 | F35: =C35-('Calculo '!$D$33*'Calculo '!B31) -> 2595.8212 | G35: =IF(H35>0,"Superávit","Déficit") -> Déficit | H35: =SUM(D29:D35)-H34 -> -22914.253
A37: Total | C37: =SUM(C6:C36) -> 96694.559 | D37: =SUM(D6:D36) -> 0
A38: =IF(D38>0,"Superávit","Déficit") -> Déficit | D38: =D37-B56 -> 0
F39: =F40+D37 -> 0
D40: =D37/24 -> 0 | F40: =D40*6 -> 0
B56: =SUMIF(D6:D36,"<>",C6:C36) -> 0

Sheet backup
A1: META JUNHO
A3: FATURAMENTO BRUTO
A5: Dia | C5: Meta | D5: Realizado | E5: Meta negativa | F5: Nova
A6: 1 | B6: segunda-feira | C6: 2441.7259 | E6: =C6*-1 -> -2441.7259 | F6: =C6-('Calculo '!$D$33*'Calculo '!B2) -> 2441.7259 | K6: Análises
A7: 2 | B7: terça-feira | C7: 2595.8213 | E7: =C7*-1 -> -2595.8212 | F7: =C7-('Calculo '!$D$33*'Calculo '!B3) -> 2595.8212 | L7: Acompanhamento meta diária
A8: 3 | B8: quarta-feira | C8: 3050.3745 | E8: =C8*-1 -> -3050.3745 | F8: =C8-('Calculo '!$D$33*'Calculo '!B4) -> 3050.3745 | L8: Meta Dia | M8: {=INDEX(F2:F36,MATCH(1,INDEX((D2:D36="")*(F2:F36<>""),0),0))} -> 2441.7259
A9: 4 | B9: quinta-feira | C9: 2625.0139 | E9: =C9*-1 -> -2625.0139 | F9: =C9-('Calculo '!$D$33*'Calculo '!B5) -> 2625.0139 | L9: Hora | M9: Meta | N9: Parciais | O9: Déficit
A10: 5 | B10: sexta-feira | C10: 2871.5239 | E10: =C10*-1 -> -2871.5239 | F10: =C10-('Calculo '!$D$33*'Calculo '!B6) -> 2871.5239 | L10: 0.45833333 | M10: =M8/COUNT(L10:L22) -> 203.47716 | O10: =M10-N10 -> 203.47716
A11: 6 | B11: sábado | C11: 4812.1842 | E11: =C11*-1 -> -4812.1842 | F11: =C11-('Calculo '!$D$33*'Calculo '!B7) -> 4812.1842 | G11: Meta semanal | H11: =SUM(C6:C12) -> 22914.253 | I11: =IF(H12>0,"Parabéns!!!","-") -> - | L11: 0.5 | M11: =M10*2 -> 406.95432 | O11: =M11-N11 -> 406.95432
A12: 7 | B12: domingo | C12: 4517.6093 | E12: =C12*-1 -> -4517.6093 | F12: =C12-('Calculo '!$D$33*'Calculo '!B8) -> 4517.6093 | G12: =IF(H12>0,"Superávit","Déficit") -> Déficit | H12: =SUM(D6:D12)-H11 -> -22914.253 | L12: 0.54166667 | M12: =M11+$M$10 -> 610.43148 | O12: =M12-N12 -> 610.43148
A13: 8 | B13: segunda-feira | C13: 2441.7259 | E13: =C13*-1 -> -2441.7259 | F13: =C13-('Calculo '!$D$33*'Calculo '!B9) -> 2441.7259 | L13: 0.58333333 | M13: =M12+$M$10 -> 813.90864 | O13: =M13-N13 -> 813.90864
A14: 9 | B14: terça-feira | C14: 2595.8213 | E14: =C14*-1 -> -2595.8212 | F14: =C14-('Calculo '!$D$33*'Calculo '!B10) -> 2595.8212 | L14: 0.625 | M14: =M13+$M$10 -> 1017.3858 | O14: =M14-N14 -> 1017.3858
A15: 10 | B15: quarta-feira | C15: 3050.3745 | E15: =C15*-1 -> -3050.3745 | F15: =C15-('Calculo '!$D$33*'Calculo '!B11) -> 3050.3745 | L15: 0.66666667 | M15: =M14+$M$10 -> 1220.863 | O15: =M15-N15 -> 1220.863
A16: 11 | B16: quinta-feira | C16: 2625.0139 | E16: =C16*-1 -> -2625.0139 | F16: =C16-('Calculo '!$D$33*'Calculo '!B12) -> 2625.0139 | L16: 0.70833333 | M16: =M15+$M$10 -> 1424.3401 | O16: =M16-N16 -> 1424.3401
A17: 12 | B17: sexta-feira | C17: 2871.5239 | E17: =C17*-1 -> -2871.5239 | F17: =C17-('Calculo '!$D$33*'Calculo '!B13) -> 2871.5239 | L17: 0.75 | M17: =M16+$M$10 -> 1627.8173 | O17: =M17-N17 -> 1627.8173
A18: 13 | B18: sábado | C18: 4812.1842 | E18: =C18*-1 -> -4812.1842 | F18: =C18-('Calculo '!$D$33*'Calculo '!B14) -> 4812.1842 | L18: 0.79166667 | M18: =M17+$M$10 -> 1831.2944 | O18: =M18-N18 -> 1831.2944
A19: 14 | B19: domingo | C19: 4517.6093 | E19: =C19*-1 -> -4517.6093 | F19: =C19-('Calculo '!$D$33*'Calculo '!B15) -> 4517.6093 | G19: Meta semanal | H19: =SUM(C13:C20) -> 25355.979 | I19: =IF(H20>0,"Parabéns!!!","-") -> - | L19: 0.83333333 | M19: =M18+$M$10 -> 2034.7716 | O19: =M19-N19 -> 2034.7716
A20: 15 | B20: segunda-feira | C20: 2441.7259 | E20: =C20*-1 -> -2441.7259 | F20: =C20-('Calculo '!$D$33*'Calculo '!B16) -> 2441.7259 | G20: =IF(H20>0,"Superávit","Déficit") -> Déficit | H20: =SUM(D13:D20)-H19 -> -25355.979 | L20: 0.875 | M20: =M19+$M$10 -> 2238.2488 | O20: =M20-N20 -> 2238.2488
A21: 16 | B21: terça-feira | C21: 2595.8213 | E21: =C21*-1 -> -2595.8212 | F21: =C21-('Calculo '!$D$33*'Calculo '!B17) -> 2595.8212 | L21: 0.91666667 | M21: =M20+$M$10 -> 2441.7259 | O21: =M21-N21 -> 2441.7259
A22: 17 | B22: quarta-feira | C22: 3050.3745 | E22: =C22*-1 -> -3050.3745 | F22: =C22-('Calculo '!$D$33*'Calculo '!B18) -> 3050.3745
A23: 18 | B23: quinta-feira | C23: 2625.0139 | E23: =C23*-1 -> -2625.0139 | F23: =C23-('Calculo '!$D$33*'Calculo '!B19) -> 2625.0139
A24: 19 | B24: sexta-feira | C24: 2871.5239 | E24: =C24*-1 -> -2871.5239 | F24: =C24-('Calculo '!$D$33*'Calculo '!B20) -> 2871.5239
A25: 20 | B25: sábado | C25: 4812.1842 | E25: =C25*-1 -> -4812.1842 | F25: =C25-('Calculo '!$D$33*'Calculo '!B21) -> 4812.1842
A26: 21 | B26: domingo | C26: 4517.6093 | E26: =C26*-1 -> -4517.6093 | F26: =C26-('Calculo '!$D$33*'Calculo '!B22) -> 4517.6093
A27: 22 | B27: segunda-feira | C27: 2441.7259 | E27: =C27*-1 -> -2441.7259 | F27: =C27-('Calculo '!$D$33*'Calculo '!B23) -> 2441.7259 | G27: Meta semanal | H27: =SUM(C21:C28) -> 25510.074 | I27: =IF(H28>0,"Parabéns!!!","-") -> -
A28: 23 | B28: terça-feira | C28: 2595.8213 | E28: =C28*-1 -> -2595.8212 | F28: =C28-('Calculo '!$D$33*'Calculo '!B24) -> 2595.8212 | G28: =IF(H28>0,"Superávit","Déficit") -> Déficit | H28: =SUM(D21:D28)-H27 -> -25510.074
A29: 24 | B29: quarta-feira | C29: 3050.3745 | E29: =C29*-1 -> -3050.3745 | F29: =C29-('Calculo '!$D$33*'Calculo '!B25) -> 3050.3745
A30: 25 | B30: quinta-feira | C30: 2625.0139 | E30: =C30*-1 -> -2625.0139 | F30: =C30-('Calculo '!$D$33*'Calculo '!B26) -> 2625.0139
A31: 26 | B31: sexta-feira | C31: 2871.5239 | E31: =C31*-1 -> -2871.5239 | F31: =C31-('Calculo '!$D$33*'Calculo '!B27) -> 2871.5239
A32: 27 | B32: sábado | C32: 4812.1842 | E32: =C32*-1 -> -4812.1842 | F32: =C32-('Calculo '!$D$33*'Calculo '!B28) -> 4812.1842
A33: 28 | B33: domingo | C33: 4517.6093 | E33: =C33*-1 -> -4517.6093 | F33: =C33-('Calculo '!$D$33*'Calculo '!B29) -> 4517.6093
A34: 29 | B34: segunda-feira | C34: 2441.7259 | F34: =C34-('Calculo '!$D$33*'Calculo '!B30) -> 2441.7259 | G34: Meta semanal | H34: =SUM(C29:C35) -> 22914.253 | I34: =IF(H28>0,"Parabéns!!!","-") -> -
A35: 30 | B35: terça-feira | C35: 2595.8213 | F35: =C35-('Calculo '!$D$33*'Calculo '!B31) -> 2595.8212 | G35: =IF(H35>0,"Superávit","Déficit") -> Déficit | H35: =SUM(D29:D35)-H34 -> -22914.253
A37: Total | C37: =SUM(C6:C36) -> 96694.559 | D37: =SUM(D6:D36) -> 0
A38: =IF(D38>0,"Superávit","Déficit") -> Déficit | D38: =D37-B56 -> 0
B56: =SUMIF(D6:D36,"<>",C6:C36) -> 0

Sheet Calculo 
B1: Porcentagem | C1: Valor Porcentagem | D1: Diferença
A2: 1 | B2: =Junho!C6/'Calculo '!C2 -> 0.025251947 | C2: =Junho!$C$37-Junho!$D$37+E2 -> 96694.559 | D2: =SUMIF(Junho!C6:D6,"<>",Junho!D6:E6) -> 0 | E2: =SUM(D2) -> 0
A3: 2 | B3: =Junho!C7/'Calculo '!C3 -> 0.026845577 | C3: =Junho!$C$37-Junho!$D$37+E3 -> 96694.559 | D3: =SUMIF(Junho!C7:D7,"<>",Junho!D7:E7) -> 0 | E3: =SUM($D$2:D3) -> 0
A4: 3 | B4: =Junho!C8/'Calculo '!C4 -> 0.031546496 | C4: =Junho!$C$37-Junho!$D$37+E4 -> 96694.559 | D4: =SUMIF(Junho!C8:D8,"<>",Junho!D8:E8) -> 0 | E4: =SUM($D$2:D4) -> 0
A5: 4 | B5: =Junho!C9/'Calculo '!C5 -> 0.027147483 | C5: =Junho!$C$37-Junho!$D$37+E5 -> 96694.559 | D5: =SUMIF(Junho!C9:D9,"<>",Junho!D9:E9) -> 0 | E5: =SUM($D$2:D5) -> 0
A6: 5 | B6: =Junho!C10/'Calculo '!C6 -> 0.029696851 | C6: =Junho!$C$37-Junho!$D$37+E6 -> 96694.559 | D6: =SUMIF(Junho!C10:D10,"<>",Junho!D10:E10) -> 0 | E6: =SUM($D$2:D6) -> 0
A7: 6 | B7: =Junho!C11/'Calculo '!C7 -> 0.049766856 | C7: =Junho!$C$37-Junho!$D$37+E7 -> 96694.559 | D7: =SUMIF(Junho!C11:D11,"<>",Junho!D11:E11) -> 0 | E7: =SUM($D$2:D7) -> 0
A8: 7 | B8: =Junho!C12/'Calculo '!C8 -> 0.046720408 | C8: =Junho!$C$37-Junho!$D$37+E8 -> 96694.559 | D8: =SUMIF(Junho!C12:D12,"<>",Junho!D12:E12) -> 0 | E8: =SUM($D$2:D8) -> 0
A9: 8 | B9: =Junho!C13/'Calculo '!C9 -> 0.025251947 | C9: =Junho!$C$37-Junho!$D$37+E9 -> 96694.559 | D9: =SUMIF(Junho!C13:D13,"<>",Junho!D13:E13) -> 0 | E9: =SUM($D$2:D9) -> 0
A10: 9 | B10: =Junho!C14/'Calculo '!C10 -> 0.026845577 | C10: =Junho!$C$37-Junho!$D$37+E10 -> 96694.559 | D10: =SUMIF(Junho!C14:D14,"<>",Junho!D14:E14) -> 0 | E10: =SUM($D$2:D10) -> 0
A11: 10 | B11: =Junho!C15/'Calculo '!C11 -> 0.031546496 | C11: =Junho!$C$37-Junho!$D$37+E11 -> 96694.559 | D11: =SUMIF(Junho!C15:D15,"<>",Junho!D15:E15) -> 0 | E11: =SUM($D$2:D11) -> 0
A12: 11 | B12: =Junho!C16/'Calculo '!C12 -> 0.027147483 | C12: =Junho!$C$37-Junho!$D$37+E12 -> 96694.559 | D12: =SUMIF(Junho!C16:D16,"<>",Junho!D16:E16) -> 0 | E12: =SUM($D$2:D12) -> 0
A13: 12 | B13: =Junho!C17/'Calculo '!C13 -> 0.029696851 | C13: =Junho!$C$37-Junho!$D$37+E13 -> 96694.559 | D13: =SUMIF(Junho!C17:D17,"<>",Junho!D17:E17) -> 0 | E13: =SUM($D$2:D13) -> 0
A14: 13 | B14: =Junho!C18/'Calculo '!C14 -> 0.049766856 | C14: =Junho!$C$37-Junho!$D$37+E14 -> 96694.559 | D14: =SUMIF(Junho!C18:D18,"<>",Junho!D18:E18) -> 0 | E14: =SUM($D$2:D14) -> 0
... A32: 31 | B32: =Junho!C36/'Calculo '!C32 -> 0 | C32: =Junho!$C$37-Junho!$D$37+E32 -> 96694.559 | D32: =SUMIF(Junho!C36:D36,"<>",Junho!D36:E36) -> 0 | E32: =SUM($D$2:D32) -> 0
D33: =SUM(D2:D32) -> 0

Sheet Calculo mensal
A2: Dia da Semana | B2: Fevereiro | C2: Março | D2: Abril | E2: Maio | F2: junho | G2: julho | H2: agosto | I2: setembro | J2: outubro | K2: novembro | L2: Dezembro | M2: Janeiro | N2: Fevereiro | O2: Março | P2: Abril | Q2: Maio | R2: Junho | S2: Julho | T2: Agosto | U2: Setembro | V2: Outubro | W2: Novembro | X2: Dezembro | Y2: Janeiro | Z2: Fevereiro | AA2: Março | AB2: Abril | AC2: Maio | AD2: Junho | AE2: Julho | AF2: Agosto | AG2: Setembro | AH2: Outubro | AI2: Novembro | AJ2: Dezembro | AK2: Janeiro | AL2: Fevereiro | AM2: Março | AN2: Abril | AO2: Maio
A3: segunda-feira | M3: 4329 | P3: 2397.07 | S3: 2267.5 | AG3: 3205.01 | AJ3: 3679
A4: terça-feira | H4: 4263 | M4: 3538.5 | P4: 3490.12 | S4: 3462.5 | V4: 2892.04 | AB4: 2152.27 | AE4: 1645.71 | AG4: 2619 | AJ4: 2380
A5: quarta-feira | B5: 3910.81 | C5: 2935 | H5: 3839.5 | K5: 3877.5 | M5: 3345.5 | P5: 2457.5 | Q5: 3035.03 | S5: 3879.05 | V5: 3157.5 | AB5: 2586.75 | AE5: 2767.5 | AG5: 2668.51 | AH5: 1866.01 | AJ5: 3015.02 | AN5: 1454
A6: quinta-feira | B6: 2479.32 | C6: 2988 | E6: 3650 | F6: 2119 | H6: 4248.04 | K6: 6601.53 | M6: 2988.51 | N6: 4371.62 | P6: 4090.51 | Q6: 2139.02 | S6: 3291 | T6: 2321.08 | V6: 2555.52 | Y6: 2801.25 | AB6: 1924.01 | AC6: 4156.01 | AE6: 2230.26 | AG6: 2248.51 | AH6: 3476.5 | AJ6: 3900.5 | AK6: 2674 | AN6: 1926.5
A7: sexta-feira | B7: 4701.23 | C7: 3214 | E7: 2156 | F7: 2262 | H7: 4161.51 | I7: 2905.5 | K7: 3818.04 | L7: 4192.5 | M7: 3696 | N7: 4086.52 | O7: 5660.52 | P7: 3500.52 | Q7: 1931.02 | S7: 2809.01 | T7: 2473.12 | V7: 6734.42 | W7: 2717.01 | Y7: 2801.51 | AB7: 2322.27 | AC7: 3059.75 | AE7: 3552.76 | AF7: 1669 | AG7: 1568 | AH7: 5068.51 | AJ7: 2976.01 | AK7: 4655.5 | AN7: 2649 | AO7: 6527.5
A8: sábado | B8: 6723.1 | C8: 4675.5 | D8: 4355 | E8: 2190 | F8: 4739.5 | G8: 3232.5 | H8: 6064 | I8: 5756 | K8: 2671 | L8: 5839.52 | M8: 5441.55 | N8: 8196.01 | O8: 7785.52 | P8: 5998.03 | Q8: 2095.53 | R8: 2436.04 | S8: 3387.03 | T8: 2189.54 | V8: 7501.06 | W8: 3755.01 | Y8: 4097.75 | Z8: 5627.25 | AA8: 4655 | AB8: 2719.76 | AC8: 3847.75 | AE8: 2805 | AF8: 3284.15 | AG8: 3452.51 | AH8: 5921.51 | AI8: 4149.5 | AJ8: 4037.5 | AK8: 5409.5 | AN8: 4476.5 | AO8: 3245.5
A9: domingo | B9: 5052.11 | C9: 5030 | D9: 4468.5 | E9: 2986 | F9: 3980.5 | G9: 3942.5 | H9: 4671.02 | I9: 4584.01 | J9: 7505 | K9: 4268.02 | L9: 4675.5 | M9: 4982 | N9: 6234.5 | O9: 7755.51 | P9: 4436.54 | Q9: 3064.05 | R9: 1830 | S9: 3640 | T9: 2452.03 | U9: 2102 | V9: 5339.56 | W9: 2770.5 | X9: 3470.75 | Y9: 3457.81 | Z9: 4641.26 | AA9: 3510.53 | AB9: 3215.25 | AC9: 3424.27 | AD9: 4180.83 | AE9: 3583.24 | AF9: 3413.9 | AG9: 3052.5 | AH9: 6536.4 | AI9: 3339.9 | AJ9: 3251.01 | AK9: 5360.01 | AL9: 6048.5 | AM9: 3500.5 | AN9: 2620.5 | AO9: 6348
A10: segunda-feira | B10: 1924.1 | C10: 1963.5 | D10: 2511 | E10: 2641.5 | F10: 2131.5 | G10: 2610.5 | H10: 2794.5 | I10: 2163.51 | J10: 4109.51 | K10: 1906 | L10: 3183.53 | M10: 2145.5 | N10: 3300.63 | O10: 3477.02 | P10: 2049 | Q10: 1989.07 | R10: 2002.58 | S10: 3263.04 | T10: 2502.51 | U10: 2738.03 | V10: 4573.11 | W10: 2204.51 | X10: 3672.88 | Y10: 2484 | Z10: 2798.26 | AA10: 4028.76 | AB10: 2848.51 | AC10: 2122.81 | AD10: 1793 | AE10: 3226 | AF10: 3270 | AG10: 2873.5 | AH10: 4037.02 | AI10: 2232 | AJ10: 2690.5 | AK10: 2465 | AL10: 2024.5 | AM10: 1674.5 | AN10: 1649.01 | AO10: 2540
A11: terça-feira | B11: 2705.14 | C11: 2828.5 | D11: 2393.5 | E11: 4765 | F11: 1955.5 | G11: 2460 | H11: 3748.51 | I11: 5262.5 | J11: 4020 | K11: 3034.5 | L11: 2779 | M11: 2845 | N11: 4051.51 | O11: 4959.07 | P11: 3501.51 | Q11: 2624.08 | R11: 2648.57 | S11: 2942.51 | T11: 2849.68 | U11: 2823.51 | V11: 4419.53 | W11: 3185.51 | X11: 3349.51 | Y11: 3829.85 | Z11: 3123.29 | AA11: 3807.25 | AB11: 1988.75 | AC11: 2852.76 | AD11: 1909.01 | AE11: 1465.51 | AF11: 2543.54 | AG11: 1530.5 | AH11: 5475.01 | AI11: 1153.25 | AJ11: 3328.5 | AK11: 2457.51 | AL11: 2597.5 | AM11: 3251 | AN11: 1514 | AO11: 1781
A12: quarta-feira | B12: 2399.9 | C12: 3716 | D12: 2022.5 | E12: 4180.5 | F12: 3011.5 | G12: 2996.5 | H12: 3880.5 | I12: 2961.01 | J12: 3080.5 | K12: 3194.02 | L12: 2817.5 | M12: 3176.51 | N12: 3850 | O12: 4626.51 | P12: 3855.04 | Q12: 2410.55 | R12: 2459.08 | S12: 2437.05 | T12: 1872.57 | U12: 2639.54 | V12: 4276.57 | W12: 2361.06 | X12: 2933 | Y12: 4595.25 | Z12: 3196.5 | AA12: 3865.78 | AB12: 2392 | AC12: 2315.5 | AD12: 2132.76 | AE12: 2495.5 | AF12: 2101.01 | AG12: 2097.29 | AH12: 7205.5 | AI12: 2083.5 | AJ12: 2934.01 | AK12: 3659 | AL12: 2935.91 | AM12: 2356 | AN12: 2793 | AO12: 3419.5
A13: quinta-feira | B13: 3475.38 | C13: 2288.5 | D13: 2776 | E13: 1962 | F13: 4296 | G13: 2261.52 | H13: 2187.51 | I13: 4629 | J13: 2868.01 | K13: 3569.03 | L13: 3965.53 | M13: 3624.04 | N13: 2967.53 | O13: 4090.51 | P13: 4783.54 | Q13: 2216.54 | R13: 1952.52 | S13: 3111.5 | T13: 3432.62 | U13: 1626.01 | V13: 4676.55 | W13: 5680.52 | X13: 2908 | Y13: 3879.5 | Z13: 4774.27 | AA13: 4310.26 | AB13: 2441.01 | AC13: 2369.26 | AD13: 1690.26 | AE13: 3523.02 | AF13: 2547.42 | AG13: 2250 | AH13: 7879.81 | AI13: 3006.26 | AJ13: 2524 | AK13: 2701.5 | AL13: 3079.5 | AM13: 1897.5 | AN13: 2022.5 | AO13: 3043.5
A14: sexta-feira | B14: 4031.92 | C14: 3160.5 | D14: 4051.5 | E14: 2081.5 | F14: 3098.5 | G14: 2952.01 | H14: 2958 | I14: 3444 | J14: 3473.51 | K14: 3728.02 | L14: 3688 | M14: 3733.53 | N14: 3114.53 | O14: 6856.5 | P14: 3759.54 | Q14: 2109.57 | R14: 2451.6 | S14: 2512.56 | T14: 2343.63 | U14: 2656.51 | V14: 4732.57 | W14: 6553.12 | X14: 2907.85 | Y14: 2982.75 | Z14: 5214.75 | AA14: 4051.5 | AB14: 3065.81 | AC14: 2985.26 | AD14: 2939.29 | AE14: 3388.5 | AF14: 1932.5 | AG14: 2097.93 | AH14: 6661.76 | AI14: 3303.75 | AJ14: 2651 | AK14: 3397.5 | AL14: 2657.5 | AM14: 2130.5 | AN14: 2358 | AO14: 1952
A15: sábado | B15: 5536.05 | C15: 5589.5 | D15: 5664.5 | E15: 2482 | F15: 3258.5 | G15: 2952.01 | H15: 4542.01 | I15: 4754.01 | J15: 6836 | K15: 4232 | L15: 5054.5 | M15: 5902.04 | N15: 4429.56 | O15: 7348.01 | P15: 5133.04 | Q15: 2295.52 | R15: 2090 | S15: 3434.54 | T15: 3024.06 | U15: 3874 | V15: 5725.01 | W15: 8614 | X15: 3392.75 | Y15: 5174 | Z15: 6359.77 | AA15: 6328.75 | AB15: 3065.25 | AC15: 3706.01 | AD15: 3811.75 | AE15: 4008.16 | AF15: 3584.42 | AG15: 3593.8 | AH15: 8622 | AI15: 5357.5 | AJ15: 4429.01 | AK15: 5844.01 | AL15: 5130 | AM15: 3652.01 | AN15: 4750.5 | AO15: 6028.06
A16: domingo | B16: 5480.5 | C16: 4383 | D16: 3716 | E16: 2258 | F16: 3123.5 | G16: 4798.5 | H16: 3816.5 | I16: 3477.13 | J16: 4521 | K16: 6334.5 | L16: 6274 | M16: 6163.5 | N16: 5069.52 | O16: 7547.04 | P16: 4879.5 | Q16: 2134.07 | R16: 1864.57 | S16: 2638.06 | T16: 1972.08 | U16: 2695.5 | V16: 6097.03 | W16: 8551.27 | X16: 2658.25 | Y16: 3844.25 | Z16: 7420.75 | AA16: 5694.01 | AB16: 2786.01 | AC16: 2910.75 | AD16: 4635.29 | AE16: 2679.07 | AF16: 3536.91 | AG16: 2751 | AH16: 7934.7 | AI16: 5717.4 | AJ16: 2350.5 | AK16: 5247 | AL16: 7023.5 | AM16: 3740.5 | AN16: 4090 | AO16: 3823
A17: segunda-feira | B17: 4060.5 | C17: 1733 | D17: 2381.5 | E17: 3488 | F17: 2140.5 | G17: 2475 | H17: 4478 | I17: 2128.01 | J17: 1880.5 | K17: 2463.52 | L17: 3076 | M17: 2846.51 | N17: 3647.55 | O17: 3917.53 | P17: 3081.04 | Q17: 3067.68 | R17: 2220.52 | S17: 2651.58 | T17: 2737.7 | U17: 2681.05 | V17: 1874.51 | W17: 4360.75 | X17: 2929.75 | Y17: 2271.75 | Z17: 4290.77 | AA17: 2149.75 | AB17: 2065.51 | AC17: 1417.26 | AD17: 2079.5 | AE17: 1470.52 | AF17: 2170.52 | AG17: 2154.75 | AH17: 1076.01 | AI17: 2552 | AJ17: 1849 | AK17: 2547.5 | AL17: 3695 | AM17: 2013.5 | AN17: 1953 | AO17: 1685
A18: terça-feira | B18: 3627.5 | C18: 3690 | D18: 1988 | E18: 3590.5 | F18: 2227.5 | G18: 3082.52 | H18: 3859 | I18: 2463 | J18: 2136.59 | K18: 3122.5 | L18: 3028.01 | M18: 3897.01 | N18: 4739.5 | O18: 5202 | P18: 3665.53 | Q18: 2663.59 | R18: 1779.11 | S18: 2505.5 | T18: 2837.1 | U18: 2430.52 | V18: 3094.03 | W18: 5184.8 | X18: 2934.75 | Y18: 3730.25 | Z18: 4036 | AA18: 2203.75 | AB18: 1480.76 | AC18: 1942.27 | AD18: 2123.76 | AE18: 2484.4 | AF18: 3052 | AG18: 1894.51 | AH18: 2593.01 | AI18: 3252.5 | AJ18: 1986.51 | AK18: 1989 | AL18: 3054.5 | AM18: 2396 | AN18: 2354.55 | AO18: 2066
A19: quarta-feira | B19: 3655.62 | C19: 3608.5 | D19: 2640 | E19: 2005.5 | F19: 3156.51 | G19: 3377.5 | H19: 3860.01 | I19: 3068 | J19: 3153.51 | K19: 8558.5 | L19: 3176 | M19: 3552.02 | N19: 3983.03 | O19: 4511.03 | P19: 3542.58 | Q19: 2751.06 | R19: 3044.03 | S19: 3621.52 | T19: 3064.52 | U19: 2415.5 | V19: 2191.5 | W19: 6840.76 | X19: 2933.75 | Y19: 3770.26 | Z19: 5012.26 | AA19: 3651 | AB19: 3039 | AC19: 2700 | AD19: 2997.75 | AE19: 2447.5 | AF19: 3561.52 | AG19: 2338.51 | AH19: 2003.52 | AI19: 1830.5 | AJ19: 1610 | AK19: 3473.04 | AL19: 4457 | AM19: 5202 | AN19: 2607.51 | AO19: 3548
A20: quinta-feira | B20: 2025 | C20: 2119.5 | D20: 2426.5 | E20: 2120.5 | F20: 2657.51 | G20: 3606.02 | H20: 2902.5 | I20: 2362 | J20: 6548.5 | K20: 2608.5 | L20: 3841.51 | M20: 2445.5 | N20: 4318.03 | O20: 2940.52 | P20: 3078.1 | Q20: 2984.53 | R20: 2266.57 | S20: 2359.5 | T20: 2748.05 | U20: 2605.52 | V20: 2777.54 | W20: 3973.78 | X20: 2501.6 | Y20: 3424.02 | Z20: 4701.75 | AA20: 3370.25 | AB20: 2141.04 | AC20: 2343 | AD20: 3996.29 | AE20: 2762.5 | AF20: 2677.52 | AG20: 1838 | AH20: 2930.52 | AI20: 2209 | AJ20: 2127.5 | AK20: 2970 | AL20: 1257 | AM20: 2442.5 | AN20: 1818.5 | AO20: 1981.53
... A32: terça-feira | B32: 4354 | C32: 2440.5 | D32: 2390 | E32: 4254.5 | F32: 3506 | G32: 6342.01 | H32: 2423.5 | I32: 3361.5 | J32: 2282 | K32: 2935.53 | L32: 3151.51 | M32: 3881.01 | N32: 6711.53 | O32: 3560.5 | P32: 3683.05 | Q32: 3429.01 | R32: 3827.66 | S32: 3831.03 | T32: 3321.55 | U32: 2304.51 | V32: 2468.53 | W32: 2917.27 | X32: 0 | Y32: 4182 | Z32: 3972.76 | AA32: 2303.25 | AB32: 2110.78 | AC32: 2284.83 | AD32: 1397.52 | AE32: 2105.26 | AF32: 2295 | AG32: 2125.52 | AH32: 835 | AI32: 1636 | AJ32: 2334.51 | AK32: 2564 | AL32: 2723.5 | AM32: 2301 | AN32: 2608.52 | AO32: 1590.5
A33: quarta-feira | C33: 2898.31 | D33: 2691 | E33: 2231 | F33: 3397 | G33: 5435 | H33: 3032.01 | I33: 3391 | J33: 2955 | K33: 2625 | L33: 3852.5 | M33: 3380 | N33: 7669.51 | O33: 3606.51 | Q33: 2695.66 | R33: 3091.06 | S33: 2610.6 | T33: 2664.13 | U33: 2470.5 | V33: 2949 | W33: 3455.25 | X33: 1349.75 | Y33: 4014.01 | Z33: 3786.25 | AA33: 3328.25 | AB33: 3014.75 | AC33: 2608.02 | AD33: 2021.76 | AE33: 2285.01 | AF33: 3937.5 | AH33: 2232.03 | AI33: 2386 | AJ33: 0 | AK33: 4048.5 | AL33: 2723.5 | AM33: 2330.5 | AN33: 3424.5 | AO33: 3014.5
A34: quinta-feira | C34: 3012 | D34: 2403.5 | E34: 2854.5 | F34: 2585.51 | G34: 4686 | H34: 4048.52 | I34: 2520.05 | J34: 2615 | K34: 3455 | L34: 4043 | N34: 4429.56 | O34: 3487.53 | Q34: 2140.55 | R34: 3403.54 | T34: 3207.61 | U34: 2039.5 | V34: 3705.03 | W34: 5585.51 | X34: 2033.5 | Y34: 3410.67 | Z34: 2676.76 | AA34: 3336.29 | AC34: 1925.53 | AD34: 1648.5 | AE34: 2123.8 | AF34: 2547 | AH34: 1986 | AI34: 3025.52 | AK34: 3109 | AL34: 2439.5 | AM34: 1821.5 | AN34: 2596.5 | AO34: 2225
A35: sexta-feira | C35: 7191.5 | D35: 3068 | E35: 3672 | F35: 2997.01 | G35: 4838.01 | I35: 7849.5 | J35: 2452 | L35: 2591.5 | O35: 5229 | Q35: 2462.5 | R35: 4879.5 | T35: 2801.6 | U35: 2572.02 | W35: 2607 | X35: 1796.75 | Y35: 4003.76 | Z35: 3058.57 | AA35: 2654.51 | AC35: 2221.78 | AD35: 2261.53 | AF35: 3126.91 | AH35: 1035 | AI35: 3165.5 | AK35: 2112 | AL35: 2766.01 | AM35: 2128 | AO35: 3029.5
A36: sábado | D36: 3659 | E36: 2701.5 | G36: 8039.52 | I36: 6272.5 | J36: 4101.5 | L36: 4350 | O36: 4470.03 | R36: 5251.02 | T36: 2807.51 | U36: 4090.01 | W36: 3276.02 | X36: 2694 | AA36: 3820.25 | AC36: 4849.76 | AD36: 2964.55 | AF36: 3471.5 | AI36: 2383.5 | AK36: 4380.5 | AL36: 3975.5 | AM36: 3662 | AO36: 4465
A37: domingo | D37: 2721 | G37: 7545.03 | J37: 5724 | L37: 0 | O37: 3468.12 | R37: 5516.01 | U37: 2706.52 | X37: 3085.75 | AA37: 3108 | AD37: 3844.15 | AF37: 4099.5 | AI37: 4227.5 | AM37: 4400.5 | AO37: 3762
A38: segunda-feira | G38: 2890 | J38: 2202.57 | U38: 3228.05 | X38: 2174.5 | AA38: 2419.5 | AD38: 1652.16 | AM38: 2178
A39: terça-feira | J39: 2904.5 | AM39: 2128
B47: Fevereiro | F47: Março | K47: Abril | P47: Maio | U47: Junho | Z47: Julho | AE47: Agosto | AJ47: Setembro | AO47: Outubro | AT47: Novembro | AY47: Dezembro | BD47: Janeiro | BI47: Fevereiro | BN47: Março | BS47: Abril | BX47: Maio | CC47: Junho | CH47: Julho | CM47: Agosto | CR47: Setembro | CW47: Outubro | DB47: Novembro | DG47: Dezembro | DL47: Janeiro | DQ47: Fevereiro | DV47: Março | EA47: Abril | EF47: Maio | EK47: Junho | EP47: Julho | EU47: Agosto | EZ47: Setembro | FE47: Outubro | FJ47: Novembro | FO47: Dezembro | FT47: Janeiro | FY47: Fevereiro | GC47: Março | GH47: Abril | GM47: Maio
A48: segunda-feira | B48: 2425.5 | C48: 1924.1 | D48: 4060.5 | E48: 4152.5 | G48: 1963.5 | H48: 1733 | I48: 2219 | J48: 2552.5 | L48: 2511 | M48: 2381.5 | N48: 2356.5 | O48: 1653 | Q48: 2641.5 | R48: 3488 | S48: 2666 | T48: 2192.5 | V48: 2131.5 | W48: 2140.5 | X48: 2145 | Y48: 2713.5 | Z48: 2610.5 | AA48: 2475 | AB48: 2881.01 | AC48: 4827 | AD48: 2890 | AF48: 2794.5 | AG48: 4478 | AH48: 2345.5 | AI48: 3324 | AK48: 2163.51 | AL48: 2128.01 | AM48: 2641.02 | AN48: 2475.5 | AO48: 2202.57 | AP48: 4109.51 | AQ48: 1880.5 | AR48: 3158 | AS48: 2368.5 | AU48: 1906 | AV48: 2463.52 | AW48: 6636.5 | AX48: 2362.5 | AZ48: 3183.53 | BA48: 3076 | BB48: 2293 | BC48: 2313 | BD48: 4329 | BE48: 2145.5 | BF48: 2846.51 | BG48: 3812.01 | BH48: 2831.53 | BJ48: 3300.63 | BK48: 3647.55 | BL48: 3044.52 | BM48: 5501.53 | BO48: 3477.02 | BP48: 3917.53 | BQ48: 2444.53 | BR48: 3259.51 | BS48: 2397.07 | BT48: 2049 | BU48: 3081.04 | BV48: 4340.04 | BW48: 2297.56 | BY48: 1989.07 | BZ48: 3067.68 | CA48: 2431.9 | CB48: 1731.01 | CD48: 2002.58 | CE48: 2220.52 | CF48: 2158.65 | CG48: 1687.05 | CH48: 2267.5 | CI48: 3263.04 | CJ48: 2651.58 | CK48: 2250.08 | CL48: 2989.59 | CN48: 2502.51 | CO48: 2737.7 | CQ48: 2664.13 | CR48: 2738.03 | CS48: 2681.05 | CT48: 2699.02 | CU48: 2559.01 | CV48: 3228.05 | CX48: 4573.11 | CY48: 1874.51 | CZ48: 5089.51 | DA48: 3520.01 | DC48: 2204.51 | DD48: 4360.75 | DE48: 4523.53 | DF48: 3022.25 | DG48: 3672.88 | DH48: 2929.75 | DI48: 2508 | DJ48: 2607.75 | DK48: 2174.5 | DM48: 2484 | DN48: 2271.75 | DO48: 4567.5 | DP48: 3328 | DR48: 2798.26 | DS48: 4290.77 | DT48: 3555.75 | DU48: 2615.5 | DV48: 2419.5 | DW48: 4028.76 | DX48: 2149.75 | DY48: 2571.51 | DZ48: 2315.75 | EB48: 2848.51 | EC48: 2065.51 | ED48: 2463.06 | EE48: 3103.76 | EG48: 2122.81 | EH48: 1417.26 | EI48: 2093.52 | EJ48: 2601.76 | EK48: 1652.16 | EL48: 1793 | EM48: 2079.5 | EN48: 1500.77 | EO48: 1438 | EQ48: 3226 | ER48: 1470.52 | ES48: 1729 | ET48: 1445.76 | EV48: 3270 | EW48: 2170.52 | EX48: 1835 | EY48: 1707.51 | EZ48: 3205.01 | FA48: 2873.5 | FB48: 2154.75 | FC48: 943.5 | FD48: 2091.01 | FF48: 4037.02 | FG48: 1076.01 | FH48: 2376.5 | FI48: 1874.5 | FK48: 2232 | FL48: 2552 | FM48: 1562.5 | FN48: 1871 | FO48: 3679 | FP48: 2690.5 | FQ48: 1849 | FR48: 2690.5 | FS48: 3029 | FU48: 2465 | FV48: 2547.5 | FW48: 2201.51 | FX48: 1805 | FY48: 2024.5 | FZ48: 3695 | GA48: 2008.5 | GB48: 1943 | GC48: 1674.5 | GD48: 2013.5 | GE48: 1635.5 | GF48: 1080 | GG48: 2178 | GI48: 1649.01 | GJ48: 1953 | GK48: 2595 | GL48: 1975 | GM48: 2540 | GN48: 1685 | GO48: 1406 | GP48: 3036.5
A49: terça-feira | B49: 4354 | C49: 2705.14 | D49: 3627.5 | E49: 4456.5 | G49: 2828.5 | H49: 3690 | I49: 2553.5 | J49: 2440.5 | L49: 2393.5 | M49: 1988 | N49: 4678.5 | O49: 2390 | Q49: 4765 | R49: 3590.5 | S49: 3580.5 | T49: 4254.5 | V49: 1955.5 | W49: 2227.5 | X49: 2556 | Y49: 3506 | Z49: 2460 | AA49: 3082.52 | AB49: 3468.5 | AC49: 6342.01 | AE49: 4263 | AF49: 3748.51 | AG49: 3859 | AH49: 3308.01 | AI49: 2423.5 | AK49: 5262.5 | AL49: 2463 | AM49: 2972 | AN49: 3361.5 | AO49: 2904.5 | AP49: 4020 | AQ49: 2136.59 | AR49: 2059.5 | AS49: 2282 | AU49: 3034.5 | AV49: 3122.5 | AW49: 2481 | AX49: 2935.53 | AZ49: 2779 | BA49: 3028.01 | BB49: 2868.5 | BC49: 3151.51 | BD49: 3538.5 | BE49: 2845 | BF49: 3897.01 | BG49: 4180 | BH49: 3881.01 | BJ49: 4051.51 | BK49: 4739.5 | BL49: 2547.53 | BM49: 6711.53 | BO49: 4959.07 | BP49: 5202 | BQ49: 4869.08 | BR49: 3560.5 | BS49: 3490.12 | BT49: 3501.51 | BU49: 3665.53 | BV49: 4233.52 | BW49: 3683.05 | BY49: 2624.08 | BZ49: 2663.59 | CA49: 2303.08 | CB49: 3429.01 | CD49: 2648.57 | CE49: 1779.11 | CF49: 2025.03 | CG49: 3827.66 | CH49: 3462.5 | CI49: 2942.51 | CJ49: 2505.5 | CK49: 2718.09 | CL49: 3831.03 | CN49: 2849.68 | CO49: 2837.1 | CP49: 2925.06 | CQ49: 3321.55 | CR49: 2823.51 | CS49: 2430.52 | CT49: 4766.03 | CU49: 2304.51 | CW49: 2892.04 | CX49: 4419.53 | CY49: 3094.03 | CZ49: 3999.38 | DA49: 2468.53 | DC49: 3185.51 | DD49: 5184.8 | DE49: 6178.52 | DF49: 2917.27 | DG49: 3349.51 | DH49: 2934.75 | DI49: 3633.6 | DM49: 3829.85 | DN49: 3730.25 | DO49: 3183.75 | DP49: 4182 | DR49: 3123.29 | DS49: 4036 | DT49: 3488.54 | DU49: 3972.76 | DW49: 3807.25 | DX49: 2203.75 | DY49: 2507.52 | DZ49: 2303.25 | EA49: 2152.27 | EB49: 1988.75 | EC49: 1480.76 | ED49: 2204.5 | EE49: 2110.78 | EG49: 2852.76 | EH49: 1942.27 | EI49: 2438 | EJ49: 2284.83 | EL49: 1909.01 | EM49: 2123.76 | EN49: 1245.76 | EO49: 1397.52 | EP49: 1645.71 | EQ49: 1465.51 | ER49: 2484.4 | ES49: 2054.54 | ET49: 2105.26 | EV49: 2543.54 | EW49: 3052 | EX49: 2066 | EY49: 2295 | EZ49: 2619 | FA49: 1530.5 | FB49: 1894.51 | FC49: 1312.52 | FD49: 2125.52 | FF49: 5475.01 | FG49: 2593.01 | FH49: 2089.5 | FI49: 835 | FK49: 1153.25 | FL49: 3252.5 | FM49: 1135.01 | FN49: 1636 | FO49: 2380 | FP49: 3328.5 | FQ49: 1986.51 | FR49: 1277.02 | FS49: 2334.51 | FU49: 2457.51 | FV49: 1989 | FW49: 7027.02 | FX49: 2564 | FY49: 2597.5 | FZ49: 3054.5 | GA49: 2237 | GB49: 2723.5 | GC49: 3251 | GD49: 2396 | GE49: 2055.5 | GF49: 2301 | GG49: 2128 | GI49: 1514 | GJ49: 2354.55 | GK49: 3196.5 | GL49: 2608.52 | GM49: 1781 | GN49: 2066 | GO49: 1741 | GP49: 1590.5
A50: quarta-feira | B50: 3910.81 | C50: 2399.9 | D50: 3655.62 | E50: 4146.5 | F50: 2935 | G50: 3716 | H50: 3608.5 | I50: 3062 | J50: 2898.31 | L50: 2022.5 | M50: 2640 | N50: 2052.5 | O50: 2691 | Q50: 4180.5 | R50: 2005.5 | S50: 3120.5 | T50: 2231 | V50: 3011.5 | W50: 3156.51 | X50: 2371 | Y50: 3397 | Z50: 2996.5 | AA50: 3377.5 | AB50: 3813 | AC50: 5435 | AE50: 3839.5 | AF50: 3880.5 | AG50: 3860.01 | AH50: 3837.04 | AI50: 3032.01 | AK50: 2961.01 | AL50: 3068 | AM50: 2657 | AN50: 3391 | AP50: 3080.5 | AQ50: 3153.51 | AR50: 3622.5 | AS50: 2955 | AT50: 3877.5 | AU50: 3194.02 | AV50: 8558.5 | AW50: 3232 | AX50: 2625 | AZ50: 2817.5 | BA50: 3176 | BB50: 2735.51 | BC50: 3852.5 | BD50: 3345.5 | BE50: 3176.51 | BF50: 3552.02 | BG50: 4146.5 | BH50: 3380 | BJ50: 3850 | BK50: 3983.03 | BL50: 3458.5 | BM50: 7669.51 | BO50: 4626.51 | BP50: 4511.03 | BQ50: 3148.57 | BR50: 3606.51 | BS50: 2457.5 | BT50: 3855.04 | BU50: 3542.58 | BV50: 2946.53 | BX50: 3035.03 | BY50: 2410.55 | BZ50: 2751.06 | CA50: 2339.07 | CB50: 2695.66 | CD50: 2459.08 | CE50: 3044.03 | CF50: 2132.57 | CG50: 3091.06 | CH50: 3879.05 | CI50: 2437.05 | CJ50: 3621.52 | CK50: 3490.5 | CL50: 2610.6 | CN50: 1872.57 | CO50: 3064.52 | CP50: 3664 | CQ50: 2664.13 | CR50: 2639.54 | CS50: 2415.5 | CT50: 3146.5 | CU50: 2470.5 | CW50: 3157.5 | CX50: 4276.57 | CY50: 2191.5 | CZ50: 1713.06 | DA50: 2949 | DC50: 2361.06 | DD50: 6840.76 | DE50: 7137.28 | DF50: 3455.25 | DG50: 2933 | DH50: 2933.75 | DI50: 2616 | DJ50: 1349.75 | DM50: 4595.25 | DN50: 3770.26 | DO50: 3561 | DP50: 4014.01 | DR50: 3196.5 | DS50: 5012.26 | DT50: 4198.01 | DU50: 3786.25 | DW50: 3865.78 | DX50: 3651 | DY50: 2404.02 | DZ50: 3328.25 | EA50: 2586.75 | EB50: 2392 | EC50: 3039 | ED50: 2588.51 | EE50: 3014.75 | EG50: 2315.5 | EH50: 2700 | EI50: 2086.76 | EJ50: 2608.02 | EL50: 2132.76 | EM50: 2997.75 | EN50: 2614.03 | EO50: 2021.76 | EP50: 2767.5 | EQ50: 2495.5 | ER50: 2447.5 | ES50: 2148.03 | ET50: 2285.01 | EV50: 2101.01 | EW50: 3561.52 | EX50: 1960 | EY50: 3937.5 | EZ50: 2668.51 | FA50: 2097.29 | FB50: 2338.51 | FC50: 2002.04 | FE50: 1866.01 | FF50: 7205.5 | FG50: 2003.52 | FH50: 2055.5 | FI50: 2232.03 | FK50: 2083.5 | FL50: 1830.5 | FM50: 2343.01 | FN50: 2386 | FO50: 3015.02 | FP50: 2934.01 | FQ50: 1610 | FU50: 3659 | FV50: 3473.04 | FW50: 1784 | FX50: 4048.5 | FY50: 2935.91 | FZ50: 4457 | GA50: 1707.5 | GB50: 2723.5 | GC50: 2356 | GD50: 5202 | GE50: 1266 | GF50: 2330.5 | GH50: 1454 | GI50: 2793 | GJ50: 2607.51 | GK50: 2064.5 | GL50: 3424.5 | GM50: 3419.5 | GN50: 3548 | GO50: 1648 | GP50: 3014.5
A51: quinta-feira | B51: 2479.32 | C51: 3475.38 | D51: 2025 | E51: 2418.5 | F51: 2988 | G51: 2288.5 | H51: 2119.5 | I51: 2894.5 | J51: 3012 | L51: 2776 | M51: 2426.5 | N51: 2868 | O51: 2403.5 | P51: 3650 | Q51: 1962 | R51: 2120.5 | S51: 1309.5 | T51: 2854.5 | U51: 2119 | V51: 4296 | W51: 2657.51 | X51: 3537.5 | Y51: 2585.51 | Z51: 2261.52 | AA51: 3606.02 | AB51: 5307.02 | AC51: 4686 | AE51: 4248.04 | AF51: 2187.51 | AG51: 2902.5 | AH51: 3837.04 | AI51: 4048.52 | AK51: 4629 | AL51: 2362 | AM51: 2459.01 | AN51: 2520.05 | AP51: 2868.01 | AQ51: 6548.5 | AR51: 3047.01 | AS51: 2615 | AT51: 6601.53 | AU51: 3569.03 | AV51: 2608.5 | AW51: 2389.51 | AX51: 3455 | AZ51: 3965.53 | BA51: 3841.51 | BB51: 3217.03 | BC51: 4043 | BD51: 2988.51 | BE51: 3624.04 | BF51: 2445.5 | BG51: 4785.02 | BI51: 4371.62 | BJ51: 2967.53 | BK51: 4318.03 | BL51: 5258.01 | BM51: 4429.56 | BO51: 4090.51 | BP51: 2940.52 | BQ51: 4010.03 | BR51: 3487.53 | BS51: 4090.51 | BT51: 4783.54 | BU51: 3078.1 | BV51: 2552.55 | BX51: 2139.02 | BY51: 2216.54 | BZ51: 2984.53 | CA51: 2740.55 | CB51: 2140.55 | CD51: 1952.52 | CE51: 2266.57 | CF51: 2538.53 | CG51: 3403.54 | CH51: 3291 | CI51: 3111.5 | CJ51: 2359.5 | CK51: 3646.03 | CM51: 2321.08 | CN51: 3432.62 | CO51: 2748.05 | CP51: 2935.13 | CQ51: 3207.61 | CR51: 1626.01 | CS51: 2605.52 | CT51: 1952.02 | CU51: 2039.5 | CW51: 2555.52 | CX51: 4676.55 | CY51: 2777.54 | CZ51: 2836.53 | DA51: 3705.03 | DC51: 5680.52 | DD51: 3973.78 | DE51: 3774.76 | DF51: 5585.51 | DG51: 2908 | DH51: 2501.6 | DI51: 2690.81 | DJ51: 2033.5 | DL51: 2801.25 | DM51: 3879.5 | DN51: 3424.02 | DO51: 3948.5 | DP51: 3410.67 | DR51: 4774.27 | DS51: 4701.75 | DT51: 3899.51 | DU51: 2676.76 | DW51: 4310.26 | DX51: 3370.25 | DY51: 2565.5 | DZ51: 3336.29 | EA51: 1924.01 | EB51: 2441.01 | EC51: 2141.04 | ED51: 1523.75 | EF51: 4156.01 | EG51: 2369.26 | EH51: 2343 | EI51: 2587.26 | EJ51: 1925.53 | EL51: 1690.26 | EM51: 3996.29 | EN51: 2380.75 | EO51: 1648.5 | EP51: 2230.26 | EQ51: 3523.02 | ER51: 2762.5 | ES51: 3636.1 | ET51: 2123.8 | EV51: 2547.42 | EW51: 2677.52 | EX51: 4493 | EY51: 2547 | EZ51: 2248.51 | FA51: 2250 | FB51: 1838 | FC51: 2439 | FE51: 3476.5 | FF51: 7879.81 | FG51: 2930.52 | FH51: 1910.5 | FI51: 1986 | FK51: 3006.26 | FL51: 2209 | FM51: 3377.51 | FN51: 3025.52 | FO51: 3900.5 | FP51: 2524 | FQ51: 2127.5 | FR51: 941.02 | FT51: 2674 | FU51: 2701.5 | FV51: 2970 | FW51: 4027.53 | FX51: 3109 | FY51: 3079.5 | FZ51: 1257 | GA51: 1749.5 | GB51: 2439.5 | GC51: 1897.5 | GD51: 2442.5 | GE51: 2001.5 | GF51: 1821.5 | GH51: 1926.5 | GI51: 2022.5 | GJ51: 1818.5 | GK51: 3013.5 | GL51: 2596.5 | GM51: 3043.5 | GN51: 1981.53 | GO51: 1950.5 | GP51: 2225
A52: sexta-feira | B52: 4701.23 | C52: 4031.92 | D52: 2346.5 | E52: 3142 | F52: 3214 | G52: 3160.5 | H52: 3235.5 | I52: 2850 | J52: 7191.5 | L52: 4051.5 | M52: 6451 | N52: 4995.5 | O52: 3068 | P52: 2156 | Q52: 2081.5 | R52: 2688 | S52: 2044.5 | T52: 3672 | U52: 2262 | V52: 3098.5 | W52: 2385.02 | X52: 3413.5 | Y52: 2997.01 | Z52: 2952.01 | AA52: 3082.5 | AB52: 5198.5 | AC52: 4838.01 | AE52: 4161.51 | AF52: 2958 | AG52: 2904 | AH52: 3264.02 | AJ52: 2905.5 | AK52: 3444 | AL52: 3320.5 | AM52: 4058.5 | AN52: 7849.5 | AP52: 3473.51 | AQ52: 6433 | AR52: 4769 | AS52: 2452 | AT52: 3818.04 | AU52: 3728.02 | AV52: 3220 | AW52: 3746.5 | AY52: 4192.5 | AZ52: 3688 | BA52: 2814.01 | BB52: 3927 | BC52: 2591.5 | BD52: 3696 | BE52: 3733.53 | BF52: 3505.01 | BG52: 5060.5 | BI52: 4086.52 | BJ52: 3114.53 | BK52: 5971.5 | BL52: 6791.08 | BN52: 5660.52 | BO52: 6856.5 | BP52: 3841.5 | BQ52: 2485.05 | BR52: 5229 | BS52: 3500.52 | BT52: 3759.54 | BU52: 3223 | BV52: 3727.06 | BX52: 1931.02 | BY52: 2109.57 | BZ52: 2660.53 | CA52: 1891.01 | CB52: 2462.5 | CD52: 2451.6 | CE52: 3083.04 | CF52: 2749.59 | CG52: 4879.5 | CH52: 2809.01 | CI52: 2512.56 | CJ52: 3186.5 | CK52: 2198.1 | CM52: 2473.12 | CN52: 2343.63 | CO52: 1730 | CP52: 2231.05 | CQ52: 2801.6 | CR52: 2656.51 | CS52: 2431.5 | CT52: 2626.01 | CU52: 2572.02 | CW52: 6734.42 | CX52: 4732.57 | CY52: 2639.51 | CZ52: 2337.5 | DB52: 2717.01 | DC52: 6553.12 | DD52: 8689.26 | DE52: 3855.02 | DF52: 2607 | DG52: 2907.85 | DH52: 3563.35 | DI52: 2366 | DJ52: 1796.75 | DL52: 2801.51 | DM52: 2982.75 | DN52: 2989.75 | DO52: 6062.25 | DP52: 4003.76 | DR52: 5214.75 | DS52: 3829.5 | DT52: 4059.45 | DU52: 3058.57 | DW52: 4051.5 | DX52: 2659.01 | DY52: 3666.75 | DZ52: 2654.51 | EA52: 2322.27 | EB52: 3065.81 | EC52: 1976.5 | ED52: 3375.5 | EF52: 3059.75 | EG52: 2985.26 | EH52: 2099.76 | EI52: 3058.25 | EJ52: 2221.78 | EL52: 2939.29 | EM52: 1930.5 | EN52: 1809.59 | EO52: 2261.53 | EP52: 3552.76 | EQ52: 3388.5 | ER52: 2244.27 | ES52: 1866.5 | EU52: 1669 | EV52: 1932.5 | EW52: 2163.5 | EX52: 2014 | EY52: 3126.91 | EZ52: 1568 | FA52: 2097.93 | FB52: 1633.01 | FC52: 2878.92 | FE52: 5068.51 | FF52: 6661.76 | FG52: 1796.5 | FH52: 2070.75 | FI52: 1035 | FK52: 3303.75 | FL52: 2235 | FM52: 2239 | FN52: 3165.5 | FO52: 2976.01 | FP52: 2651 | FQ52: 1266 | FR52: 1994.01 | FT52: 4655.5 | FU52: 3397.5 | FV52: 3421.5 | FW52: 3482 | FX52: 2112 | FY52: 2657.5 | FZ52: 1471.5 | GA52: 2585.4 | GB52: 2766.01 | GC52: 2130.5 | GD52: 2079 | GE52: 2674 | GF52: 2128 | GH52: 2649 | GI52: 2358 | GJ52: 2350.5 | GK52: 2211 | GM52: 1952 | GN52: 1924 | GO52: 2996 | GP52: 3029.5 | GQ52: 6527.5
A53: sábado | B53: 6723.1 | C53: 5536.05 | D53: 3673 | E53: 4052.5 | F53: 4675.5 | G53: 5589.5 | H53: 4443 | I53: 3524.5 | K53: 4355 | L53: 5664.5 | M53: 4568.5 | N53: 4507 | O53: 3659 | P53: 2190 | Q53: 2482 | R53: 2466.5 | S53: 2214 | T53: 2701.5 | U53: 4739.5 | V53: 3258.5 | W53: 5408.51 | X53: 4097.51 | Z53: 2952.01 | AA53: 3862 | AB53: 5675.02 | AC53: 8039.52 | AD53: 3232.5 | AE53: 6064 | AF53: 4542.01 | AG53: 5272 | AH53: 4555.02 | AJ53: 5756 | AK53: 4754.01 | AL53: 3240.5 | AM53: 5241 | AN53: 6272.5 | AP53: 6836 | AQ53: 7005 | AR53: 5458 | AS53: 4101.5 | AT53: 2671 | AU53: 4232 | AV53: 6592.5 | AW53: 5092.5 | AY53: 5839.52 | AZ53: 5054.5 | BA53: 4268.03 | BB53: 2734.5 | BC53: 4350 | BD53: 5441.55 | BE53: 5902.04 | BF53: 6416.01 | BG53: 7409.01 | BI53: 8196.01 | BJ53: 4429.56 | BK53: 7659.03 | BL53: 8037.5 | BN53: 7785.52 | BO53: 7348.01 | BP53: 7511.1 | BQ53: 5373.52 | BR53: 4470.03 | BS53: 5998.03 | BT53: 5133.04 | BU53: 4206.56 | BV53: 5224.52 | BX53: 2095.53 | BY53: 2295.52 | BZ53: 2511.53 | CA53: 3675.05 | CC53: 2436.04 | CD53: 2090 | CE53: 2458.84 | CF53: 4177.03 | CG53: 5251.02 | CH53: 3387.03 | CI53: 3434.54 | CJ53: 2792.03 | CK53: 3770.53 | CM53: 2189.54 | CN53: 3024.06 | CO53: 3810.52 | CP53: 3168.51 | CQ53: 2807.51 | CR53: 3874 | CS53: 3454.51 | CT53: 3730.5 | CU53: 4090.01 | CW53: 7501.06 | CX53: 5725.01 | CY53: 2003.5 | CZ53: 3618.5 | DB53: 3755.01 | DC53: 8614 | DD53: 8072.52 | DE53: 6697.26 | DF53: 3276.02 | DG53: 3392.75 | DH53: 2487 | DI53: 2478.75 | DJ53: 2694 | DL53: 4097.75 | DM53: 5174 | DN53: 5551.52 | DO53: 6062.25 | DQ53: 5627.25 | DR53: 6359.77 | DS53: 5093.75 | DT53: 5634.5 | DV53: 4655 | DW53: 6328.75 | DX53: 4990.75 | DY53: 5398.77 | DZ53: 3820.25 | EA53: 2719.76 | EB53: 3065.25 | EC53: 3048.54 | ED53: 4911 | EF53: 3847.75 | EG53: 3706.01 | EH53: 3700 | EI53: 5817.01 | EJ53: 4849.76 | EL53: 3811.75 | EM53: 3716.29 | EN53: 2224 | EO53: 2964.55 | EP53: 2805 | EQ53: 4008.16 | ER53: 2244.5 | ES53: 2461.5 | EU53: 3284.15 | EV53: 3584.42 | EW53: 3196.9 | EX53: 3132.9 | EY53: 3471.5 | EZ53: 3452.51 | FA53: 3593.8 | FB53: 2976.67 | FC53: 3228.5 | FE53: 5921.51 | FF53: 8622 | FG53: 3029.9 | FH53: 4417.25 | FJ53: 4149.5 | FK53: 5357.5 | FL53: 3360.5 | FM53: 2282.5 | FN53: 2383.5 | FO53: 4037.5 | FP53: 4429.01 | FQ53: 3522 | FR53: 2806.51 | FT53: 5409.5 | FU53: 5844.01 | FV53: 5946 | FW53: 6372 | FX53: 4380.5 | FY53: 5130 | FZ53: 3689.5 | GA53: 4992.01 | GB53: 3975.5 | GC53: 3652.01 | GD53: 2945.5 | GE53: 3262.5 | GF53: 3662 | GH53: 4476.5 | GI53: 4750.5 | GJ53: 4164.5 | GK53: 2959.51 | GM53: 6028.06 | GN53: 6114 | GO53: 3912 | GP53: 4465 | GQ53: 3245.5
A54: domingo | B54: 5052.11 | C54: 5480.5 | D54: 3671 | E54: 4736 | F54: 5030 | G54: 4383 | H54: 3675.5 | I54: 2552.5 | K54: 4468.5 | L54: 3716 | M54: 3877.5 | N54: 3237.5 | O54: 2721 | P54: 2986 | Q54: 2258 | R54: 2666 | S54: 2214 | U54: 3980.5 | V54: 3123.5 | W54: 3754.5 | X54: 4193.5 | Z54: 4798.5 | AA54: 3467 | AB54: 6820 | AC54: 7545.03 | AD54: 3942.5 | AE54: 4671.02 | AF54: 3816.5 | AG54: 4979.01 | AH54: 4701.5 | AJ54: 4584.01 | AK54: 3477.13 | AL54: 3979.51 | AM54: 3710.5 | AO54: 7505 | AP54: 4521 | AQ54: 6027 | AR54: 5944 | AS54: 5724 | AT54: 4268.02 | AU54: 6334.5 | AV54: 5898 | AW54: 4474 | AY54: 4675.5 | AZ54: 6274 | BA54: 4159.5 | BD54: 4982 | BE54: 6163.5 | BF54: 4838.09 | BG54: 8351 | BI54: 6234.5 | BJ54: 5069.52 | BK54: 7680.01 | BL54: 10609.51 | BN54: 7755.51 | BO54: 7547.04 | BP54: 6691.53 | BQ54: 4384 | BR54: 3468.12 | BS54: 4436.54 | BT54: 4879.5 | BU54: 4285.06 | BV54: 4299.09 | BX54: 3064.05 | BY54: 2134.07 | BZ54: 2559.55 | CA54: 2337.51 | CC54: 1830 | CD54: 1864.57 | CE54: 1920.53 | CF54: 5134.57 | CG54: 5516.01 | CH54: 3640 | CI54: 2638.06 | CJ54: 2969 | CK54: 2330.57 | CM54: 2452.03 | CN54: 1972.08 | CO54: 2209.51 | CP54: 3691.09 | CR54: 2695.5 | CS54: 2628.53 | CT54: 3346 | CU54: 2706.52 | CV54: 2102 | CW54: 5339.56 | CX54: 6097.03 | CY54: 3688.5 | CZ54: 4389.5 | DB54: 2770.5 | DC54: 8551.27 | DD54: 6901.26 | DE54: 5108.8 | DG54: 2658.25 | DH54: 3171.75 | DI54: 2270.5 | DJ54: 3085.75 | DK54: 3470.75 | DL54: 3457.81 | DM54: 3844.25 | DN54: 5499.75 | DO54: 5242.77 | DQ54: 4641.26 | DR54: 7420.75 | DS54: 4808.85 | DT54: 4964.25 | DV54: 3510.53 | DW54: 5694.01 | DX54: 4930.04 | DY54: 4646.25 | DZ54: 3108 | EA54: 3215.25 | EB54: 2786.01 | EC54: 1359 | ED54: 2492.02 | EF54: 3424.27 | EG54: 2910.75 | EH54: 2456.5 | EI54: 4526 | EK54: 4180.83 | EL54: 4635.29 | EM54: 2684.02 | EN54: 2497.59 | EO54: 3844.15 | EP54: 3583.24 | EQ54: 2679.07 | ER54: 2258.2 | ES54: 3170.15 | EU54: 3413.9 | EV54: 3536.91 | EW54: 2686.8 | EX54: 1980 | EY54: 4099.5 | EZ54: 3052.5 | FA54: 2751 | FB54: 2882.9 | FC54: 3071 | FE54: 6536.4 | FF54: 7934.7 | FG54: 4194.4 | FH54: 2996.41 | FJ54: 3339.9 | FK54: 5717.4 | FL54: 3765.41 | FM54: 2556.5 | FN54: 4227.5 | FO54: 3251.01 | FP54: 2350.5 | FQ54: 2802.5 | FR54: 3695.5 | FT54: 5360.01 | FU54: 5247 | FV54: 6474 | FW54: 5614.5 | FY54: 7023.5 | FZ54: 2867.5 | GA54: 2943.5 | GB54: 6048.5 | GC54: 3740.5 | GD54: 2583 | GE54: 3460 | GF54: 4400.5 | GG54: 3500.5 | GH54: 2620.5 | GI54: 4090 | GJ54: 4225 | GK54: 3206 | GM54: 3823 | GN54: 4655 | GO54: 3848 | GP54: 3762 | GQ54: 6348
B56: Máximo | C56: Mínimo | D56: Dias | E56: Média | F56: Ponderada | G56: Crescimento
A57: segunda-feira | B57: =MAX(FO48:GQ48) -> 3695 | C57: =MIN(FO48:GQ48) -> 1080 | D57: =COUNTA(FO48:GQ48) -> 26 | E57: =SUM(FO48:GQ48)/D57 -> 2232.6546 | F57: =(SUM(FO48:GQ48)-B57-C57)/(D57-2) -> 2219.7508 | G57: =F57*1.1 -> 2441.7259
A58: terça-feira | B58: =MAX(FO49:GQ49) -> 7027.02 | C58: =MIN(FO49:GQ49) -> 1277.02 | D58: =COUNTA(FO49:GQ49) -> 26 | E58: =SUM(FO49:GQ49)/D58 -> 2497.6977 | F58: =(SUM(FO49:GQ49)-B58-C58)/(D58-2) -> 2359.8375 | G58: =F58*1.1 -> 2595.8212
A59: quarta-feira | B59: =MAX(FO50:GQ50) -> 5202 | C59: =MIN(FO50:GQ50) -> 1266 | D59: =COUNTA(FO50:GQ50) -> 24 | E59: =SUM(FO50:GQ50)/D59 -> 2811.4788 | F59: =(SUM(FO50:GQ50)-B59-C59)/(D59-2) -> 2773.0677 | G59: =F59*1.1 -> 3050.3745
A60: quinta-feira | B60: =MAX(FO51:GQ51) -> 4027.53 | C60: =MIN(FO51:GQ51) -> 941.02 | D60: =COUNTA(FO51:GQ51) -> 26 | E60: =SUM(FO51:GQ51)/D60 -> 2393.9069 | F60: =(SUM(FO51:GQ51)-B60-C60)/(D60-2) -> 2386.3762 | G60: =F60*1.1 -> 2625.0139
A61: sexta-feira | B61: =MAX(FO52:GQ52) -> 6527.5 | C61: =MIN(FO52:GQ52) -> 1266 | D61: =COUNTA(FO52:GQ52) -> 26 | E61: =SUM(FO52:GQ52)/D61 -> 2709.4204 | F61: =(SUM(FO52:GQ52)-B61-C61)/(D61-2) -> 2610.4763 | G61: =F61*1.1 -> 2871.5239
A62: sábado | B62: =MAX(FO53:GQ53) -> 6372 | C62: =MIN(FO53:GQ53) -> 2806.51 | D62: =COUNTA(FO53:GQ53) -> 26 | E62: =SUM(FO53:GQ53)/D62 -> 4391.2162 | F62: =(SUM(FO53:GQ53)-B62-C62)/(D62-2) -> 4374.7129 | G62: =F62*1.1 -> 4812.1842
A63: domingo | B63: =MAX(FO54:GQ54) -> 7023.5 | C63: =MIN(FO54:GQ54) -> 2350.5 | D63: =COUNTA(FO54:GQ54) -> 26 | E63: =SUM(FO54:GQ54)/D63 -> 4151.5392 | F63: =(SUM(FO54:GQ54)-B63-C63)/(D63-2) -> 4106.9175 | G63: =F63*1.1 -> 4517.6093
E65: Anterior
E66: 2465.1209 | F66: 2441.7259 | G66: =F66-E66 -> -23.395017
E67: 2649.5639 | F67: 2595.8213 | G67: =F67-E67 -> -53.742683
E68: 2953.7709 | F68: 3050.3745 | G68: =F68-E68 -> 96.603591
E69: 2785.5702 | F69: 2625.0139 | G69: =F69-E69 -> -160.55632
E70: 2874.8783 | F70: 2871.5239 | G70: =F70-E70 -> -3.3544554
E71: 4633.3495 | F71: 4812.1842 | G71: =F71-E71 -> 178.83474
E72: 4467.7141 | F72: 4517.6093 | G72: =F72-E72 -> 49.895183
E73: =SUM(E66:E72) -> 22829.968 | F73: =SUM(F66:F72) -> 22914.253 | G73: =F73/E73 -> 1.0036919

Sheet Anteriores
A1: 44958 | G1: 44986 | M1: 45017 | S1: 45047 | Y1: 45078 | AE1: 45108 | AK1: 45139 | AQ1: 45170 | AW1: 45200 | BC1: 45231 | BI1: 45261 | BO1: 45292 | BU1: 45323 | CA1: 45352 | CG1: 45383 | CM1: 45413 | CS1: 45444 | CY1: 45474 | DE1: 45505 | DK1: 45536 | DQ1: 45566 | DW1: 45597 | EC1: 45627 | EI1: 45658 | EO1: 45689 | EU1: 45717 | FA1: 45748 | FG1: 45778 | FM1: 45809 | FS1: 45839 | FY1: 45870 | GE1: 45901 | GK1: 45931 | GQ1: 45962 | GW1: 45992 | HC1: 46023 | HI1: 46054 | HO1: 46082 | HU1: 46113 | IA1: 46143
A2: Dia | C2: Meta | D2: Realizado | E2: % | G2: Dia | I2: Meta | J2: Realizado | K2: % | M2: Dia | O2: Meta | P2: Realizado | Q2: % | S2: Dia | U2: Meta | V2: Realizado | W2: % | Y2: Dia | AA2: Meta | AB2: Realizado | AE2: Dia | AG2: Meta | AH2: Realizado | AK2: Dia | AM2: Meta | AN2: Realizado | AQ2: Dia | AS2: Meta | AT2: Realizado | AW2: Dia | AY2: Meta | AZ2: Realizado | BC2: Dia | BE2: Meta | BF2: Realizado | BI2: Dia | BK2: Meta | BL2: Realizado | BO2: Dia | BQ2: Meta | BR2: Realizado | BU2: Dia | BW2: Meta | BX2: Realizado | CA2: Dia | CC2: Meta | CD2: Realizado | CG2: Dia | CI2: Meta | CJ2: Realizado | CM2: Dia | CO2: Meta | CP2: Realizado | CS2: Dia | CU2: Meta | CV2: Realizado | CY2: Dia | DA2: Meta | DB2: Realizado | DE2: Dia | DG2: Meta | DH2: Realizado | DK2: Dia | DM2: Meta | DN2: Realizado | DQ2: Dia | DS2: Meta | DT2: Realizado | DW2: Dia | DY2: Meta | DZ2: Realizado | EC2: Dia | EE2: Meta | EF2: Realizado | EI2: Dia | EK2: Meta | EL2: Realizado | EM2: % | EO2: Dia | EQ2: Meta | ER2: Realizado | ES2: % | EU2: Dia | EW2: Meta | EX2: Realizado | EY2: % | FA2: Dia | FC2: Meta | FD2: Realizado | FE2: % | FG2: Dia | FI2: Meta | FJ2: Realizado | FK2: % | FM2: Dia | FO2: Meta | FP2: Realizado | FQ2: % | FS2: Dia | FU2: Meta | FV2: Realizado | FW2: % | FY2: Dia | GA2: Meta | GB2: Realizado | GC2: % | GE2: Dia | GG2: Meta | GH2: Realizado | GI2: % | GK2: Dia | GM2: Meta | GN2: Realizado | GO2: % | GQ2: Dia | GS2: Meta | GT2: Realizado | GU2: % | GW2: Dia | GY2: Meta | GZ2: Realizado | HA2: % | HC2: Dia | HE2: Meta | HF2: Realizado | HG2: % | HI2: Dia | HK2: Meta | HL2: Realizado | HM2: % | HO2: Dia | HQ2: Meta | HR2: Realizado | HS2: % | HU2: Dia | HW2: Meta | HX2: Realizado | HY2: % | IA2: Dia | IC2: Meta | ID2: Realizado | IE2: %
A3: 1 | B3: quarta-feira | C3: 3500 | D3: 3910.81 | E3: =D3/C3 -> 1.1173743 | G3: 1 | H3: quarta-feira | I3: 3528.2075 | J3: 2935 | K3: =J3/I3 -> 0.83186717 | M3: 1 | N3: sábado | O3: 4968.2295 | P3: 4355 | Q3: =P3/O3 -> 0.87656981 | S3: 1 | T3: segunda-feira | U3: 2494.3833 | V3: 3650 | W3: =V3/U3 -> 1.4632875 | Y3: 1 | Z3: quinta-feira | AA3: 2559.5111 | AB3: 2119 | AC3: =AB3/AA3 -> 0.82789248 | AE3: 1 | AF3: sábado | AG3: 4238.4111 | AH3: 3232.5 | AI3: =AH3/AG3 -> 0.76266787 | AK3: 1 | AL3: terça-feira | AM3: 3417.1133 | AN3: 4263 | AO3: =AN3/AM3 -> 1.2475442 | AQ3: 1 | AR3: sexta-feira | AS3: 3514.6392 | AT3: 2905.5 | AU3: =AT3/AS3 -> 0.82668515 | AW3: 1 | AX3: domingo | AY3: 4746.3119 | AZ3: 7505 | BA3: =AZ3/AY3 -> 1.5812277 | BC3: 1 | BD3: quarta-feira | BE3: 3500.343 | BF3: 3877.5 | BG3: =BF3/BE3 -> 1.1077486 | BI3: 1 | BJ3: sexta-feira | BK3: 4128.831 | BL3: 4192.5 | BM3: =BL3/BK3 -> 1.0154206 | BO3: 1 | BP3: segunda-feira | BQ3: 3068.6928 | BR3: 4329 | BS3: =BR3/BQ3 -> 1.4106984 | BU3: 1 | BV3: quinta-feira | BW3: 3978.4726 | BX3: 4371.62 | BY3: =BX3/BW3 -> 1.0988187 | CA3: 1 | CB3: sexta-feira | CC3: 4398.807 | CD3: 5660.52 | CE3: =CD3/CC3 -> 1.2868307 | CG3: 1 | CH3: segunda-feira | CI3: 3421.8469 | CJ3: 2397.07 | CK3: =CJ3/CI3 -> 0.70051937 | CM3: 1 | CN3: quarta-feira | CO3: 4042.7809 | CP3: 3035.03 | CQ3: =CP3/CO3 -> 0.7507283 | CS3: 1 | CT3: sábado | CU3: 5622.4805 | CV3: 2436.04 | CW3: =CV3/CU3 -> 0.43326784 | CY3: 1 | CZ3: segunda-feira | DA3: 2939.2712 | DB3: 2267.5 | DC3: =DB3/DA3 -> 0.77144974 | DE3: 1 | DF3: quinta-feira | DG3: 3410.6577 | DH3: 2321.08 | DI3: =DH3/DG3 -> 0.68053737 | DK3: 1 | DL3: domingo | DM3: 3817.0635 | DN3: 2102 | DO3: =DN3/DM3 -> 0.5506851 | DQ3: 1 | DR3: terça-feira | DS3: 3195.7761 | DT3: 2892.04 | DU3: =DT3/DS3 -> 0.90495703 | DW3: 1 | DX3: sexta-feira | DY3: 3392.4293 | DZ3: 2717.01 | EA3: =DZ3/DY3 -> 0.80090393 | EC3: 1 | ED3: domingo | EE3: 4361.2149 | EF3: 3470.75 | EG3: =EF3/EE3 -> 0.79582182 | EI3: 1 | EJ3: quarta-feira | EO3: 1 | EP3: sábado | EQ3: 4710.9641 | ER3: 5627.25 | ES3: =ER3/EQ3 -> 1.1945007 | EU3: 1 | EV3: sábado | EW3: 5238.8684 | EX3: 4655 | EY3: =EX3/EW3 -> 0.88855067 | FA3: 1 | FB3: terça-feira | FC3: 3878.677 | FD3: 2152.27 | FE3: =FD3/FC3 -> 0.55489797 | FG3: 1 | FH3: quinta-feira | FI3: 3926.0768 | FJ3: 4156.01 | FK3: =FJ3/FI3 -> 1.0585656 | FM3: 1 | FN3: domingo | FO3: 4213.6482 | FP3: 4180.83 | FQ3: =FP3/FO3 -> 0.99221146 | FS3: 1 | FT3: terça-feira | FU3: 2925.9639 | FV3: 1645.71 | FW3: =FV3/FU3 -> 0.56245054 | FY3: 1 | FZ3: sexta-feira | GA3: 3374.1856 | GB3: 1669 | GC3: =GB3/GA3 -> 0.49463788 | GE3: 1 | GF3: segunda-feira | GG3: 2544.1185 | GH3: 3205.01 | GI3: =GH3/GG3 -> 1.2597723 | GK3: 1 | GL3: quarta-feira | GM3: 3098.3747 | GN3: 1866.01 | GO3: =GN3/GM3 -> 0.60225447 | GQ3: 1 | GR3: sábado | GS3: 4984.5623 | GT3: 4149.5 | GU3: =GT3/GS3 -> 0.83247029 | GW3: 1 | GX3: segunda-feira | GY3: 2356.8541 | GZ3: 3679 | HA3: =GZ3/GY3 -> 1.5609791 | HC3: 1 | HD3: quinta-feira | HE3: 3129.2094 | HF3: 2674 | HG3: =HF3/HE3 -> 0.85452894 | HI3: 1 | HJ3: domingo | HK3: 4579.572 | HL3: 6048.5 | HM3: =HL3/HK3 -> 1.3207566 | HO3: 1 | HP3: domingo | HQ3: 4694.9778 | HR3: 3500.5 | HS3: =HR3/HQ3 -> 0.74558394 | HU3: 1 | HV3: quarta-feira | HW3: 2951.8025 | HX3: 1454 | HY3: =HX3/HW3 -> 0.49258038 | IA3: 1 | IB3: sexta-feira | IC3: 2874.8783 | ID3: 6527.5 | IE3: =ID3/IC3 -> 2.2705309
A4: 2 | B4: quinta-feira | C4: 2800 | D4: 2479.32 | E4: =D4/C4 -> 0.88547143 | G4: 2 | H4: quinta-feira | I4: 2599.55 | J4: 2988 | K4: =J4/I4 -> 1.1494297 | M4: 2 | N4: domingo | O4: 4495.4793 | P4: 4468.5 | Q4: =P4/O4 -> 0.99399857 | S4: 2 | T4: terça-feira | U4: 3175.47 | V4: 2156 | W4: =V4/U4 -> 0.67895461 | Y4: 2 | Z4: sexta-feira | AA4: 3615.6194 | AB4: 2262 | AC4: =AB4/AA4 -> 0.62561894 | AE4: 2 | AF4: domingo | AG4: 3814.7821 | AH4: 3942.5 | AI4: =AH4/AG4 -> 1.0334797 | AK4: 2 | AL4: quarta-feira | AM4: 3259.2753 | AN4: 3839.5 | AO4: =AN4/AM4 -> 1.1780226 | AQ4: 2 | AR4: sábado | AS4: 4983.3081 | AT4: 5756 | AU4: =AT4/AS4 -> 1.155056 | AW4: 2 | AX4: segunda-feira | AY4: 2984.1708 | AZ4: 4109.51 | BA4: =AZ4/AY4 -> 1.3771028 | BC4: 2 | BD4: quinta-feira | BE4: 3575.8307 | BF4: 6601.53 | BG4: =BF4/BE4 -> 1.8461528 | BI4: 2 | BJ4: sábado | BK4: 5319.0418 | BL4: 5839.52 | BM4: =BL4/BK4 -> 1.0978519 | BO4: 2 | BP4: terça-feira | BQ4: 3384.925 | BR4: 3538.5 | BS4: =BR4/BQ4 -> 1.0453703 | BU4: 2 | BV4: sexta-feira | BW4: 4231.4641 | BX4: 4086.52 | BY4: =BX4/BW4 -> 0.96574611 | CA4: 2 | CB4: sábado | CC4: 5912.077 | CD4: 7785.52 | CE4: =CD4/CC4 -> 1.3168841 | CG4: 2 | CH4: terça-feira | CI4: 3787.9865 | CJ4: 3490.12 | CK4: =CJ4/CI4 -> 0.92136549 | CM4: 2 | CN4: quinta-feira | CO4: 4144.624 | CP4: 2139.02 | CQ4: =CP4/CO4 -> 0.51609507 | CS4: 2 | CT4: domingo | CU4: 5211.9011 | CV4: 1830 | CW4: =CV4/CU4 -> 0.35111948 | CY4: 2 | CZ4: terça-feira | DA4: 3688.5249 | DB4: 3462.5 | DC4: =DB4/DA4 -> 0.93872216 | DE4: 2 | DF4: sexta-feira | DG4: 3693.5211 | DH4: 2473.12 | DI4: =DH4/DG4 -> 0.66958328 | DK4: 2 | DL4: segunda-feira | DM4: 2758.3412 | DN4: 2738.03 | DO4: =DN4/DM4 -> 0.99263644 | DQ4: 2 | DR4: quarta-feira | DS4: 3018.0552 | DT4: 3157.5 | DU4: =DT4/DS4 -> 1.0462035 | DW4: 2 | DX4: sábado | DY4: 4387.43 | DZ4: 3755.01 | EA4: =DZ4/DY4 -> 0.85585639 | EC4: 2 | ED4: segunda-feira | EE4: 3478.477 | EF4: 3672.88 | EG4: =EF4/EE4 -> 1.0558874 | EI4: 2 | EJ4: quinta-feira | EK4: 3270.1531 | EL4: 2801.25 | EM4: =EL4/EK4 -> 0.85661127 | EO4: 2 | EP4: domingo | EQ4: 4203.3225 | ER4: 4641.26 | ES4: =ER4/EQ4 -> 1.1041884 | EU4: 2 | EV4: domingo | EW4: 4690.301 | EX4: 3510.53 | EY4: =EX4/EW4 -> 0.74846582 | FA4: 2 | FB4: quarta-feira | FC4: 3929.0711 | FD4: 2586.75 | FE4: =FD4/FC4 -> 0.65836172 | FG4: 2 | FH4: sexta-feira | FI4: 4211.0293 | FJ4: 3059.75 | FK4: =FJ4/FI4 -> 0.72660382 | FM4: 2 | FN4: segunda-feira | FO4: 3046.4022 | FP4: 1793 | FQ4: =FP4/FO4 -> 0.58856313 | FS4: 2 | FT4: quarta-feira | FU4: 3453.1279 | FV4: 2767.5 | FW4: =FV4/FU4 -> 0.80144729 | FY4: 2 | FZ4: sábado | GA4: 4768.5024 | GB4: 3284.15 | GC4: =GB4/GA4 -> 0.68871728 | GE4: 2 | GF4: terça-feira | GG4: 2506.3233 | GH4: 2619 | GI4: =GH4/GG4 -> 1.044957 | GK4: 2 | GL4: quinta-feira | GM4: 3151.4242 | GN4: 3476.5 | GO4: =GN4/GM4 -> 1.103152 | GQ4: 2 | GR4: domingo | GS4: 4423.4333 | GT4: 3339.9 | GU4: =GT4/GS4 -> 0.75504698 | GW4: 2 | GX4: terça-feira | GY4: 2287.0304 | GZ4: 2380 | HA4: =GZ4/GY4 -> 1.0406508 | HC4: 2 | HD4: sexta-feira | HE4: 2824.9616 | HF4: 4655.5 | HG4: =HF4/HE4 -> 1.647987 | HI4: 2 | HJ4: segunda-feira | HK4: 2688.7593 | HL4: 2024.5 | HM4: =HL4/HK4 -> 0.75294952 | HO4: 2 | HP4: segunda-feira | HQ4: 2600.9631 | HR4: 1674.5 | HS4: =HR4/HQ4 -> 0.64379998 | HU4: 2 | HV4: quinta-feira | HW4: 2871.1989 | HX4: 1926.5 | HY4: =HX4/HW4 -> 0.67097406 | IA4: 2 | IB4: sábado | IC4: 4633.3495 | ID4: 3245.5 | IE4: =ID4/IC4 -> 0.70046519
A5: 3 | B5: sexta-feira | C5: 4000 | D5: 4701.23 | E5: =D5/C5 -> 1.1753075 | G5: 3 | H5: sexta-feira | I5: 3555.4125 | J5: 3214 | K5: =J5/I5 -> 0.90397387 | M5: 3 | N5: segunda-feira | O5: 2733.978 | P5: 2511 | Q5: =P5/O5 -> 0.91844192 | S5: 3 | T5: quarta-feira | U5: 3056.8185 | V5: 2190 | W5: =V5/U5 -> 0.71643116 | Y5: 3 | Z5: sábado | AA5: 4056.9528 | AB5: 4739.5 | AC5: =AB5/AA5 -> 1.1682414 | AE5: 3 | AF5: segunda-feira | AG5: 2577.6316 | AH5: 2610.5 | AI5: =AH5/AG5 -> 1.0127514 | AK5: 3 | AL5: quinta-feira | AM5: 2961.4519 | AN5: 4248.04 | AO5: =AN5/AM5 -> 1.434445 | AQ5: 3 | AR5: domingo | AS5: 4829.4395 | AT5: 4584.01 | AU5: =AT5/AS5 -> 0.94918055 | AW5: 3 | AX5: terça-feira | AY5: 3688.7947 | AZ5: 4020 | BA5: =AZ5/AY5 -> 1.0897869 | BC5: 3 | BD5: sexta-feira | BE5: 4199.4378 | BF5: 3818.04 | BG5: =BF5/BE5 -> 0.90917883 | BI5: 3 | BJ5: domingo | BK5: 5306.6871 | BL5: 4675.5 | BM5: =BL5/BK5 -> 0.88105816 | BO5: 3 | BP5: quarta-feira | BQ5: 3756.9044 | BR5: 3345.5 | BS5: =BR5/BQ5 -> 0.89049377 | BU5: 3 | BV5: sábado | BW5: 5459.1366 | BX5: 8196.01 | BY5: =BX5/BW5 -> 1.5013382 | CA5: 3 | CB5: domingo | CC5: 6068.5452 | CD5: 7755.51 | CE5: =CD5/CC5 -> 1.277985 | CG5: 3 | CH5: quarta-feira | CI5: 4146.7939 | CJ5: 2457.5 | CK5: =CJ5/CI5 -> 0.59262651 | CM5: 3 | CN5: sexta-feira | CO5: 4759.3194 | CP5: 1931.02 | CQ5: =CP5/CO5 -> 0.40573448 | CS5: 3 | CT5: segunda-feira | CU5: 3035.46 | CV5: 2002.58 | CW5: =CV5/CU5 -> 0.65972867 | CY5: 3 | CZ5: quarta-feira | DA5: 3391.5486 | DB5: 3879.05 | DC5: =DB5/DA5 -> 1.1437401 | DE5: 3 | DF5: sábado | DG5: 4876.4236 | DH5: 2189.54 | DI5: =DH5/DG5 -> 0.4490053 | DK5: 3 | DL5: terça-feira | DM5: 3483.7085 | DN5: 2823.51 | DO5: =DN5/DM5 -> 0.81048973 | DQ5: 3 | DR5: quinta-feira | DS5: 2876.6968 | DT5: 2555.52 | DU5: =DT5/DS5 -> 0.88835222 | DW5: 3 | DX5: domingo | DY5: 4007.9167 | DZ5: 2770.5 | EA5: =DZ5/DY5 -> 0.69125688 | EC5: 3 | ED5: terça-feira | EE5: 3892.5032 | EF5: 3349.51 | EG5: =EF5/EE5 -> 0.86050282 | EI5: 3 | EJ5: sexta-feira | EK5: 3395.1738 | EL5: 2801.51 | EM5: =EL5/EK5 -> 0.8251448 | EO5: 3 | EP5: segunda-feira | EQ5: 3410.9596 | ER5: 2798.26 | ES5: =ER5/EQ5 -> 0.82037324 | EU5: 3 | EV5: segunda-feira | EW5: 3506.3663 | EX5: 4028.76 | EY5: =EX5/EW5 -> 1.1489843 | FA5: 3 | FB5: quinta-feira | FC5: 3926.0768 | FD5: 1924.01 | FE5: =FD5/FC5 -> 0.49005918 | FG5: 3 | FH5: sábado | FI5: 5462.333 | FJ5: 3847.75 | FK5: =FJ5/FI5 -> 0.70441512 | FM5: 3 | FN5: terça-feira | FO5: 3196.462 | FP5: 1909.01 | FQ5: =FP5/FO5 -> 0.59722593 | FS5: 3 | FT5: quinta-feira | FU5: 3309.5277 | FV5: 2230.26 | FW5: =FV5/FU5 -> 0.67389072 | FY5: 3 | FZ5: domingo | GA5: 4265.0085 | GB5: 3413.9 | GC5: =GB5/GA5 -> 0.80044388 | GE5: 3 | GF5: quarta-feira | GG5: 3098.3747 | GH5: 2668.51 | GI5: =GH5/GG5 -> 0.86126124 | GK5: 3 | GL5: sexta-feira | GM5: 3011.9163 | GN5: 5068.51 | GO5: =GN5/GM5 -> 1.682819 | GQ5: 3 | GR5: segunda-feira | GS5: 2925.7362 | GT5: 2232 | GU5: =GT5/GS5 -> 0.7628849 | GW5: 3 | GX5: quarta-feira | GY5: 2757.4024 | GZ5: 3015.02 | HA5: =GZ5/GY5 -> 1.0934276 | HC5: 3 | HD5: sábado | HE5: 3969.1895 | HF5: 5409.5 | HG5: =HF5/HE5 -> 1.3628727 | HI5: 3 | HJ5: terça-feira | HK5: 2784.4127 | HL5: 2597.5 | HM5: =HL5/HK5 -> 0.93287176 | HO5: 3 | HP5: terça-feira | HQ5: 2691.1035 | HR5: 3251 | HS5: =HR5/HQ5 -> 1.2080546 | HU5: 3 | HV5: sexta-feira | HW5: 2948.2952 | HX5: 2649 | HY5: =HX5/HW5 -> 0.89848534 | IA5: 3 | IB5: domingo | IC5: 4467.7141 | ID5: 6348 | IE5: =ID5/IC5 -> 1.4208608
A6: 4 | B6: sábado | C6: 5000 | D6: 6723.1 | E6: =D6/C6 -> 1.34462 | G6: 4 | H6: sábado | I6: 4996.1625 | J6: 4675.5 | K6: =J6/I6 -> 0.93581824 | M6: 4 | N6: terça-feira | O6: 3465.2332 | P6: 2393.5 | Q6: =P6/O6 -> 0.6907183 | S6: 4 | T6: quinta-feira | U6: 2628.8231 | V6: 2986 | W6: =V6/U6 -> 1.1358695 | Y6: 4 | Z6: domingo | AA6: 3689.7124 | AB6: 3980.5 | AC6: =AB6/AA6 -> 1.0788104 | AE6: 4 | AF6: terça-feira | AG6: 3323.8687 | AH6: 2460 | AI6: =AH6/AG6 -> 0.74010143 | AK6: 4 | AL6: sexta-feira | AM6: 3615.0324 | AN6: 4161.51 | AO6: =AN6/AM6 -> 1.1511681 | AQ6: 4 | AR6: segunda-feira | AS6: 3049.5239 | AT6: 2163.51 | AU6: =AT6/AS6 -> 0.70945829 | AW6: 4 | AX6: quarta-feira | AY6: 3620.8486 | AZ6: 3080.5 | BA6: =AZ6/AY6 -> 0.85076742 | BC6: 4 | BD6: sábado | BE6: 5580.9552 | BF6: 2671 | BG6: =BF6/BE6 -> 0.47859191 | BI6: 4 | BJ6: segunda-feira | BK6: 3108.0549 | BL6: 3183.53 | BM6: =BL6/BK6 -> 1.0242837 | BO6: 4 | BP6: quinta-feira | BQ6: 3789.0215 | BR6: 2988.51 | BS6: =BR6/BQ6 -> 0.7887287 | BU6: 4 | BV6: domingo | BW6: 5569.6858 | BX6: 6234.5 | BY6: =BX6/BW6 -> 1.119363 | CA6: 4 | CB6: segunda-feira | CC6: 3258.9018 | CD6: 3477.02 | CE6: =CD6/CC6 -> 1.06693 | CG6: 4 | CH6: quinta-feira | CI6: 4164.5249 | CJ6: 4090.51 | CK6: =CJ6/CI6 -> 0.9822273 | CM6: 4 | CN6: sábado | CO6: 6903.4878 | CP6: 2095.53 | CQ6: =CP6/CO6 -> 0.30354656 | CS6: 4 | CT6: terça-feira | CU6: 3778.056 | CV6: 2648.57 | CW6: =CV6/CU6 -> 0.70104043 | CY6: 4 | CZ6: quinta-feira | DA6: 3390.7397 | DB6: 3291 | DC6: =DB6/DA6 -> 0.97058467 | DE6: 4 | DF6: domingo | DG6: 4499.2023 | DH6: 2452.03 | DI6: =DH6/DG6 -> 0.54499216 | DK6: 4 | DL6: quarta-feira | DM6: 3244.3614 | DN6: 2639.54 | DO6: =DN6/DM6 -> 0.81357767 | DQ6: 4 | DR6: sexta-feira | DS6: 2817.0883 | DT6: 6734.42 | DU6: =DT6/DS6 -> 2.3905605 | DW6: 4 | DX6: segunda-feira | DY6: 2896.2583 | DZ6: 2204.51 | EA6: =DZ6/DY6 -> 0.76115795 | EC6: 4 | ED6: quarta-feira | EE6: 3820.8323 | EF6: 2933 | EG6: =EF6/EE6 -> 0.76763379 | EI6: 4 | EJ6: sábado | EK6: 4193.8886 | EL6: 4097.75 | EM6: =EL6/EK6 -> 0.9770765 | EO6: 4 | EP6: terça-feira | EQ6: 3824.392 | ER6: 3123.29 | ES6: =ER6/EQ6 -> 0.81667622 | EU6: 4 | EV6: terça-feira | EW6: 3947.5553 | EX6: 3807.25 | EY6: =EX6/EW6 -> 0.96445767 | FA6: 4 | FB6: sexta-feira | FC6: 4211.0293 | FD6: 2322.27 | FE6: =FD6/FC6 -> 0.55147325 | FG6: 4 | FH6: domingo | FI6: 5046.1205 | FJ6: 3424.27 | FK6: =FJ6/FI6 -> 0.67859457 | FM6: 4 | FN6: quarta-feira | FO6: 3456.0407 | FP6: 2132.76 | FQ6: =FP6/FO6 -> 0.61711078 | FS6: 4 | FT6: sexta-feira | FU6: 3432.8398 | FV6: 3552.76 | FW6: =FV6/FU6 -> 1.0349332 | FY6: 4 | FZ6: segunda-feira | GA6: 2733.3045 | GB6: 3270 | GC6: =GB6/GA6 -> 1.1963541 | GE6: 4 | GF6: quinta-feira | GG6: 3151.4242 | GH6: 2248.51 | GI6: =GH6/GG6 -> 0.71349012 | GK6: 4 | GL6: sábado | GM6: 4334.402 | GN6: 5921.51 | GO6: =GN6/GM6 -> 1.3661654 | GQ6: 4 | GR6: terça-feira | GS6: 2882.2718 | GT6: 1153.25 | GU6: =GT6/GS6 -> 0.40011841 | GW6: 4 | GX6: quinta-feira | GY6: 3129.2094 | GZ6: 3900.5 | HA6: =GZ6/GY6 -> 1.246481 | HC6: 4 | HD6: domingo | HE6: 4064.6046 | HF6: 5360.01 | HG6: =HF6/HE6 -> 1.3187039 | HI6: 4 | HJ6: quarta-feira | HK6: 3123.952 | HL6: 2935.91 | HM6: =HL6/HK6 -> 0.93980637 | HO6: 4 | HP6: quarta-feira | HQ6: 3000.2225 | HR6: 2356 | HS6: =HR6/HQ6 -> 0.78527509 | HU6: 4 | HV6: sábado | HW6: 4705.97 | HX6: 4476.5 | HY6: =HX6/HW6 -> 0.95123852 | IA6: 4 | IB6: segunda-feira | IC6: 2465.1209 | ID6: 2540 | IE6: =ID6/IC6 -> 1.0303754
A7: 5 | B7: domingo | C7: 4200 | D7: 5052.11 | E7: =D7/C7 -> 1.2028833 | G7: 5 | H7: domingo | I7: 4734.9025 | J7: 5030 | K7: =J7/I7 -> 1.0623239 | M7: 5 | N7: quarta-feira | O7: 3505.1051 | P7: 2022.5 | Q7: =P7/O7 -> 0.57701551 | S7: 5 | T7: sexta-feira | U7: 4033.7808 | V7: 2641.5 | W7: =V7/U7 -> 0.65484471 | Y7: 5 | Z7: segunda-feira | AA7: 2557.5375 | AB7: 2131.5 | AC7: =AB7/AA7 -> 0.83341886 | AE7: 5 | AF7: quarta-feira | AG7: 3100.4055 | AH7: 2996.5 | AI7: =AH7/AG7 -> 0.9664865 | AK7: 5 | AL7: sábado | AM7: 4370.5494 | AN7: 6064 | AO7: =AN7/AM7 -> 1.3874686 | AQ7: 5 | AR7: terça-feira | AS7: 3489.2348 | AT7: 5262.5 | AU7: =AT7/AS7 -> 1.5082103 | AW7: 5 | AX7: quinta-feira | AY7: 3535.0242 | AZ7: 2868.01 | BA7: =AZ7/AY7 -> 0.81131269 | BC7: 5 | BD7: domingo | BE7: 5140.1684 | BF7: 4268.02 | BG7: =BF7/BE7 -> 0.83032688 | BI7: 5 | BJ7: terça-feira | BK7: 3435.8945 | BL7: 2779 | BM7: =BL7/BK7 -> 0.80881413 | BO7: 5 | BP7: sexta-feira | BQ7: 4029.9658 | BR7: 3696 | BS7: =BR7/BQ7 -> 0.91712936 | BU7: 5 | BV7: segunda-feira | BW7: 3222.1275 | BX7: 3300.63 | BY7: =BX7/BW7 -> 1.0243636 | CA7: 5 | CB7: terça-feira | CC7: 3607.6061 | CD7: 4959.07 | CE7: =CD7/CC7 -> 1.3746151 | CG7: 5 | CH7: sexta-feira | CI7: 4618.7473 | CJ7: 3500.52 | CK7: =CJ7/CI7 -> 0.75789381 | CM7: 5 | CN7: domingo | CO7: 6423.7719 | CP7: 3064.05 | CQ7: =CP7/CO7 -> 0.47698611 | CS7: 5 | CT7: quarta-feira | CU7: 3423.9315 | CV7: 2459.08 | CW7: =CV7/CU7 -> 0.71820362 | CY7: 5 | CZ7: sexta-feira | DA7: 3831.459 | DB7: 2809.01 | DC7: =DB7/DA7 -> 0.7331437 | DE7: 5 | DF7: segunda-feira | DG7: 2899.715 | DH7: 2502.51 | DI7: =DH7/DG7 -> 0.8630193 | DK7: 5 | DL7: quinta-feira | DM7: 3168.1678 | DN7: 1626.01 | DO7: =DN7/DM7 -> 0.51323356 | DQ7: 5 | DR7: sábado | DS7: 3631.1612 | DT7: 7501.06 | DU7: =DT7/DS7 -> 2.0657469 | DW7: 5 | DX7: terça-feira | DY7: 3657.894 | DZ7: 3185.51 | EA7: =DZ7/DY7 -> 0.87085903 | EC7: 5 | ED7: quinta-feira | EE7: 3738.5755 | EF7: 2908 | EG7: =EF7/EE7 -> 0.77783636 | EI7: 5 | EJ7: domingo | EK7: 3751.0971 | EL7: 3457.81 | EM7: =EL7/EK7 -> 0.92181297 | EO7: 5 | EP7: quarta-feira | EQ7: 3598.8594 | ER7: 3196.5 | ES7: =ER7/EQ7 -> 0.88819807 | EU7: 5 | EV7: quarta-feira | EW7: 3815.6826 | EX7: 3865.78 | EY7: =EX7/EW7 -> 1.0131293 | FA7: 5 | FB7: sábado | FC7: 5462.333 | FD7: 2719.76 | FE7: =FD7/FC7 -> 0.49791179 | FG7: 5 | FH7: segunda-feira | FI7: 3488.6018 | FJ7: 2122.81 | FK7: =FJ7/FI7 -> 0.6084988 | FM7: 5 | FN7: quinta-feira | FO7: 3327.217 | FP7: 1690.26 | FQ7: =FP7/FO7 -> 0.50801015 | FS7: 5 | FT7: sábado | FU7: 4957.4453 | FV7: 2805 | FW7: =FV7/FU7 -> 0.56581562 | FY7: 5 | FZ7: terça-feira | GA7: 2712.6178 | GB7: 2543.54 | GC7: =GB7/GA7 -> 0.93766988 | GE7: 5 | GF7: sexta-feira | GG7: 3011.9163 | GH7: 1568 | GI7: =GH7/GG7 -> 0.52059879 | GK7: 5 | GL7: domingo | GM7: 3846.4638 | GN7: 6536.4 | GO7: =GN7/GM7 -> 1.6993271 | GQ7: 5 | GR7: quarta-feira | GS7: 3563.1309 | GT7: 2083.5 | GU7: =GT7/GS7 -> 0.58473856 | GW7: 5 | GX7: sexta-feira | GY7: 2824.9616 | GZ7: 2976.01 | HA7: =GZ7/GY7 -> 1.0534692 | HC7: 5 | HD7: segunda-feira | HE7: 2356.8541 | HF7: 2465 | HG7: =HF7/HE7 -> 1.0458857 | HI7: 5 | HJ7: quinta-feira | HK7: 3353.4495 | HL7: 3079.5 | HM7: =HL7/HK7 -> 0.91830814 | HO7: 5 | HP7: quinta-feira | HQ7: 3049.4403 | HR7: 1897.5 | HS7: =HR7/HQ7 -> 0.62224533 | HU7: 5 | HV7: domingo | HW7: 4690.8556 | HX7: 2620.5 | HY7: =HX7/HW7 -> 0.55864009 | IA7: 5 | IB7: terça-feira | IC7: 2649.5639 | ID7: 1781 | IE7: =ID7/IC7 -> 0.67218608
A8: 6 | B8: segunda-feira | C8: 2000 | D8: 1924.1 | E8: =D8/C8 -> 0.96205 | G8: 6 | H8: segunda-feira | I8: 3140.65 | J8: 1963.5 | K8: =J8/I8 -> 0.62518905 | M8: 6 | N8: quinta-feira | O8: 2738.7476 | P8: 2776 | Q8: =P8/O8 -> 1.013602 | S8: 6 | T8: sábado | U8: 4690.0885 | V8: 4765 | W8: =V8/U8 -> 1.0159723 | Y8: 6 | Z8: terça-feira | AA8: 3393.5087 | AB8: 1955.5 | AC8: =AB8/AA8 -> 0.57624722 | AE8: 6 | AF8: quinta-feira | AG8: 2743.6835 | AH8: 2261.52 | AI8: =AH8/AG8 -> 0.82426415 | AK8: 6 | AL8: domingo | AM8: 4138.3611 | AN8: 4671.02 | AO8: =AN8/AM8 -> 1.1287125 | AQ8: 6 | AR8: quarta-feira | AS8: 3715.9557 | AT8: 2961.01 | AU8: =AT8/AS8 -> 0.79683674 | AW8: 6 | AX8: sexta-feira | AY8: 3996.5601 | AZ8: 3473.51 | BA8: =AZ8/AY8 -> 0.86912493 | BC8: 6 | BD8: segunda-feira | BE8: 2913.2751 | BF8: 1906 | BG8: =BF8/BE8 -> 0.65424649 | BI8: 6 | BJ8: quarta-feira | BK8: 3839.4968 | BL8: 2817.5 | BM8: =BL8/BK8 -> 0.73382012 | BO8: 6 | BP8: sábado | BQ8: 5199.1777 | BR8: 5441.55 | BS8: =BR8/BQ8 -> 1.0466174 | BU8: 6 | BV8: terça-feira | BW8: 3554.1712 | BX8: 4051.51 | BY8: =BX8/BW8 -> 1.139931 | CA8: 6 | CB8: quarta-feira | CC8: 3949.3276 | CD8: 4626.51 | CE8: =CD8/CC8 -> 1.1714678 | CG8: 6 | CH8: sábado | CI8: 6207.6809 | CJ8: 5998.03 | CK8: =CJ8/CI8 -> 0.96622718 | CM8: 6 | CN8: segunda-feira | CO8: 3518.0441 | CP8: 1989.07 | CQ8: =CP8/CO8 -> 0.56539087 | CS8: 6 | CT8: quinta-feira | CU8: 3452.2635 | CV8: 1952.52 | CW8: =CV8/CU8 -> 0.56557676 | CY8: 6 | CZ8: sábado | DA8: 5263.6137 | DB8: 3387.03 | DC8: =DB8/DA8 -> 0.64347997 | DE8: 6 | DF8: terça-feira | DG8: 3652.4062 | DH8: 2849.68 | DI8: =DH8/DG8 -> 0.7802199 | DK8: 6 | DL8: sexta-feira | DM8: 3230.8851 | DN8: 2656.51 | DO8: =DN8/DM8 -> 0.82222361 | DQ8: 6 | DR8: domingo | DS8: 3162.9469 | DT8: 5339.56 | DU8: =DT8/DS8 -> 1.6881598 | DW8: 6 | DX8: quarta-feira | DY8: 3406.5795 | DZ8: 2361.06 | EA8: =DZ8/DY8 -> 0.69308818 | EC8: 6 | ED8: sexta-feira | EE8: 3996.9577 | EF8: 2907.85 | EG8: =EF8/EE8 -> 0.72751583 | EI8: 6 | EJ8: segunda-feira | EK8: 3161.8064 | EL8: 2484 | EM8: =EL8/EK8 -> 0.78562684 | EO8: 6 | EP8: quinta-feira | EQ8: 3504.972 | ER8: 4774.27 | ES8: =ER8/EQ8 -> 1.3621421 | EU8: 6 | EV8: quinta-feira | EW8: 3699.3393 | EX8: 4310.26 | EY8: =EX8/EW8 -> 1.1651432 | FA8: 6 | FB8: domingo | FC8: 5046.1205 | FD8: 3215.25 | FE8: =FD8/FC8 -> 0.63717265 | FG8: 6 | FH8: terça-feira | FI8: 3878.677 | FJ8: 2852.76 | FK8: =FJ8/FI8 -> 0.73549821 | FM8: 6 | FN8: sexta-feira | FO8: 3504.4684 | FP8: 2939.29 | FQ8: =FP8/FO8 -> 0.83872635 | FS8: 6 | FT8: domingo | FU8: 4348.3931 | FV8: 3583.24 | FW8: =FV8/FU8 -> 0.82403774 | FY8: 6 | FZ8: quarta-feira | GA8: 3303.2954 | GB8: 2101.01 | GC8: =GB8/GA8 -> 0.63603455 | GE8: 6 | GF8: sábado | GG8: 4334.402 | GH8: 3452.51 | GI8: =GH8/GG8 -> 0.79653665 | GK8: 6 | GL8: segunda-feira | GM8: 2544.1185 | GN8: 4037.02 | GO8: =GN8/GM8 -> 1.586805 | GQ8: 6 | GR8: quinta-feira | GS8: 3624.1378 | GT8: 3006.26 | GU8: =GT8/GS8 -> 0.8295104 | GW8: 6 | GX8: sábado | GY8: 3969.1895 | GZ8: 4037.5 | HA8: =GZ8/GY8 -> 1.0172102 | HC8: 6 | HD8: terça-feira | HE8: 2287.0304 | HF8: 2457.51 | HG8: =HF8/HE8 -> 1.0745419 | HI8: 6 | HJ8: sexta-feira | HK8: 3092.8637 | HL8: 2657.5 | HM8: =HL8/HK8 -> 0.85923606 | HO8: 6 | HP8: sexta-feira | HQ8: 3011.866 | HR8: 2130.5 | HS8: =HR8/HQ8 -> 0.70736879 | HU8: 6 | HV8: segunda-feira | HW8: 2460.2421 | HX8: 1649.01 | HY8: =HX8/HW8 -> 0.6702633 | IA8: 6 | IB8: quarta-feira | IC8: 2953.7709 | ID8: 3419.5 | IE8: =ID8/IC8 -> 1.1576727
A9: 7 | B9: terça-feira | C9: 2600 | D9: 2705.14 | E9: =D9/C9 -> 1.0404385 | G9: 7 | H9: terça-feira | I9: 3785.785 | J9: 2828.5 | K9: =J9/I9 -> 0.74713699 | M9: 7 | N9: sexta-feira | O9: 3468.6145 | P9: 4051.5 | Q9: =P9/O9 -> 1.1680456 | S9: 7 | T9: domingo | U9: 4046.2392 | V9: 4180.5 | W9: =V9/U9 -> 1.0331816 | Y9: 7 | Z9: quarta-feira | AA9: 3016.2435 | AB9: 3011.5 | AC9: =AB9/AA9 -> 0.99842734 | AE9: 7 | AF9: sexta-feira | AG9: 3548.4476 | AH9: 2952.01 | AI9: =AH9/AG9 -> 0.8319159 | AK9: 7 | AL9: segunda-feira | AM9: 2705.1018 | AN9: 2794.5 | AO9: =AN9/AM9 -> 1.033048 | AQ9: 7 | AR9: quinta-feira | AS9: 3620.9767 | AT9: 4629 | AU9: =AT9/AS9 -> 1.2783843 | AW9: 7 | AX9: sábado | AY9: 5060.518 | AZ9: 6836 | BA9: =AZ9/AY9 -> 1.3508499 | BC9: 7 | BD9: terça-feira | BE9: 3379.7708 | BF9: 3034.5 | BG9: =BF9/BE9 -> 0.89784196 | BI9: 7 | BJ9: quinta-feira | BK9: 3758.8244 | BL9: 3965.53 | BM9: =BL9/BK9 -> 1.0549921 | BO9: 7 | BP9: domingo | BQ9: 5304.4627 | BR9: 4982 | BS9: =BR9/BQ9 -> 0.93920918 | BU9: 7 | BV9: quarta-feira | BW9: 3944.7497 | BX9: 3850 | BY9: =BX9/BW9 -> 0.97598082 | CA9: 7 | CB9: quinta-feira | CC9: 3966.2142 | CD9: 4090.51 | CE9: =CD9/CC9 -> 1.0313387 | CG9: 7 | CH9: domingo | CI9: 6371.9725 | CJ9: 4436.54 | CK9: =CJ9/CI9 -> 0.6962585 | CM9: 7 | CN9: terça-feira | CO9: 4420.4126 | CP9: 2624.08 | CQ9: =CP9/CO9 -> 0.59362785 | CS9: 7 | CT9: sexta-feira | CU9: 3827.424 | CV9: 2451.6 | CW9: =CV9/CU9 -> 0.64053525 | CY9: 7 | CZ9: domingo | DA9: 4936.9069 | DB9: 3640 | DC9: =DB9/DA9 -> 0.73730375 | DE9: 7 | DF9: quarta-feira | DG9: 3405.9401 | DH9: 1872.57 | DI9: =DH9/DG9 -> 0.54979534 | DK9: 7 | DL9: sábado | DM9: 4178.5047 | DN9: 3874 | DO9: =DN9/DM9 -> 0.92712591 | DQ9: 7 | DR9: segunda-feira | DS9: 2653.7599 | DT9: 4573.11 | DU9: =DT9/DS9 -> 1.7232569 | DW9: 7 | DX9: quinta-feira | DY9: 3326.5761 | DZ9: 5680.52 | EA9: =DZ9/DY9 -> 1.7076176 | EC9: 7 | ED9: sábado | EE9: 4853.7378 | EF9: 3392.75 | EG9: =EF9/EE9 -> 0.69899738 | EI9: 7 | EJ9: terça-feira | EK9: 3526.9525 | EL9: 3829.85 | EM9: =EL9/EK9 -> 1.0858808 | EO9: 7 | EP9: sexta-feira | EQ9: 3756.4927 | ER9: 5214.75 | ES9: =ER9/EQ9 -> 1.3881965 | EU9: 7 | EV9: sexta-feira | EW9: 4094.8638 | EX9: 4051.5 | EY9: =EX9/EW9 -> 0.9894102 | FA9: 7 | FB9: segunda-feira | FC9: 3488.6018 | FD9: 2848.51 | FE9: =FD9/FC9 -> 0.81651911 | FG9: 7 | FH9: quarta-feira | FI9: 3929.0711 | FJ9: 2315.5 | FK9: =FJ9/FI9 -> 0.58932505 | FM9: 7 | FN9: sábado | FO9: 4887.0415 | FP9: 3811.75 | FQ9: =FP9/FO9 -> 0.77997087 | FS9: 7 | FT9: segunda-feira | FU9: 2816.6947 | FV9: 3226 | FW9: =FV9/FU9 -> 1.145314 | FY9: 7 | FZ9: quinta-feira | GA9: 3318.9416 | GB9: 2547.42 | GC9: =GB9/GA9 -> 0.76753987 | GE9: 7 | GF9: domingo | GG9: 3846.4638 | GH9: 3052.5 | GI9: =GH9/GG9 -> 0.79358605 | GK9: 7 | GL9: terça-feira | GM9: 2506.3233 | GN9: 5475.01 | GO9: =GN9/GM9 -> 2.1844788 | GQ9: 7 | GR9: sexta-feira | GS9: 3463.7038 | GT9: 3303.75 | GU9: =GT9/GS9 -> 0.95382001 | GW9: 7 | GX9: domingo | GY9: 4064.6046 | GZ9: 3251.01 | HA9: =GZ9/GY9 -> 0.79983425 | HC9: 7 | HD9: quarta-feira | HE9: 2757.4024 | HF9: 3659 | HG9: =HF9/HE9 -> 1.3269735 | HI9: 7 | HJ9: sábado | HK9: 4778.5711 | HL9: 5130 | HM9: =HL9/HK9 -> 1.0735427 | HO9: 7 | HP9: sábado | HQ9: 4793.8711 | HR9: 3652.01 | HS9: =HR9/HQ9 -> 0.76180814 | HU9: 7 | HV9: terça-feira | HW9: 2676.4526 | HX9: 1514 | HY9: =HX9/HW9 -> 0.56567413 | IA9: 7 | IB9: quinta-feira | IC9: 2785.5702 | ID9: 3043.5 | IE9: =ID9/IC9 -> 1.092595
A10: 8 | B10: quarta-feira | C10: 2400 | D10: 2399.9 | E10: =D10/C10 -> 0.99995833 | G10: 8 | H10: quarta-feira | I10: 3528.2075 | J10: 3716 | K10: =J10/I10 -> 1.053226 | M10: 8 | N10: sábado | O10: 4968.2295 | P10: 5664.5 | Q10: =P10/O10 -> 1.1401446 | S10: 8 | T10: segunda-feira | U10: 2494.3833 | V10: 1962 | W10: =V10/U10 -> 0.78656715 | Y10: 8 | Z10: quinta-feira | AA10: 2559.5111 | AB10: 4296 | AC10: =AB10/AA10 -> 1.6784455 | AE10: 8 | AF10: sábado | AG10: 4238.4111 | AH10: 2952.01 | AI10: =AH10/AG10 -> 0.69648977 | AK10: 8 | AL10: terça-feira | AM10: 3417.1133 | AN10: 3748.51 | AO10: =AN10/AM10 -> 1.0969815 | AQ10: 8 | AR10: sexta-feira | AS10: 3514.6392 | AT10: 3444 | AU10: =AT10/AS10 -> 0.97990145 | AW10: 8 | AX10: domingo | AY10: 4746.3119 | AZ10: 4521 | BA10: =AZ10/AY10 -> 0.95252907 | BC10: 8 | BD10: quarta-feira | BE10: 3500.343 | BF10: 3194.02 | BG10: =BF10/BE10 -> 0.91248772 | BI10: 8 | BJ10: sexta-feira | BK10: 4128.831 | BL10: 3688 | BM10: =BL10/BK10 -> 0.89323104 | BO10: 8 | BP10: segunda-feira | BQ10: 3068.6928 | BR10: 2145.5 | BS10: =BR10/BQ10 -> 0.69915762 | BU10: 8 | BV10: quinta-feira | BW10: 3978.4726 | BX10: 2967.53 | BY10: =BX10/BW10 -> 0.74589681 | CA10: 8 | CB10: sexta-feira | CC10: 4398.807 | CD10: 6856.5 | CE10: =CD10/CC10 -> 1.5587181 | CG10: 8 | CH10: segunda-feira | CI10: 3421.8469 | CJ10: 2049 | CK10: =CJ10/CI10 -> 0.59879944 | CM10: 8 | CN10: quarta-feira | CO10: 4042.7809 | CP10: 2410.55 | CQ10: =CP10/CO10 -> 0.59626037 | CS10: 8 | CT10: sábado | CU10: 5622.4805 | CV10: 2090 | CW10: =CV10/CU10 -> 0.37172205 | CY10: 8 | CZ10: segunda-feira | DA10: 2939.2712 | DB10: 3263.04 | DC10: =DB10/DA10 -> 1.1101527 | DE10: 8 | DF10: quinta-feira | DG10: 3410.6577 | DH10: 3432.62 | DI10: =DH10/DG10 -> 1.0064393 | DK10: 8 | DL10: domingo | DM10: 3817.0635 | DN10: 2695.5 | DO10: =DN10/DM10 -> 0.70617111 | DQ10: 8 | DR10: terça-feira | DS10: 3195.7761 | DT10: 4419.53 | DU10: =DT10/DS10 -> 1.3829286 | DW10: 8 | DX10: sexta-feira | DY10: 3392.4293 | DZ10: 6553.12 | EA10: =DZ10/DY10 -> 1.9316895 | EC10: 8 | ED10: domingo | EE10: 4361.2149 | EF10: 2658.25 | EG10: =EF10/EE10 -> 0.60952052 | EI10: 8 | EJ10: quarta-feira | EK10: 3307.1147 | EL10: 4595.25 | EM10: =EL10/EK10 -> 1.3895043 | EO10: 8 | EP10: sábado | EQ10: 4710.9641 | ER10: 6359.77 | ES10: =ER10/EQ10 -> 1.3499933 | EU10: 8 | EV10: sábado | EW10: 5238.8684 | EX10: 6328.75 | EY10: =EX10/EW10 -> 1.2080376 | FA10: 8 | FB10: terça-feira | FC10: 3878.677 | FD10: 1988.75 | FE10: =FD10/FC10 -> 0.51273927 | FG10: 8 | FH10: quinta-feira | FI10: 3926.0768 | FJ10: 2369.26 | FK10: =FJ10/FI10 -> 0.60346756 | FM10: 8 | FN10: domingo | FO10: 4213.6482 | FP10: 4635.29 | FQ10: =FP10/FO10 -> 1.1000657 | FS10: 8 | FT10: terça-feira | FU10: 2925.9639 | FV10: 1465.51 | FW10: =FV10/FU10 -> 0.500864 | FY10: 8 | FZ10: sexta-feira | GA10: 3374.1856 | GB10: 1932.5 | GC10: =GB10/GA10 -> 0.5727308 | GE10: 8 | GF10: segunda-feira | GG10: 2544.1185 | GH10: 2873.5 | GI10: =GH10/GG10 -> 1.1294678 | GK10: 8 | GL10: quarta-feira | GM10: 3098.3747 | GN10: 7205.5 | GO10: =GN10/GM10 -> 2.3255741 | GQ10: 8 | GR10: sábado | GS10: 4984.5623 | GT10: 5357.5 | GU10: =GT10/GS10 -> 1.0748186 | GW10: 8 | GX10: segunda-feira | GY10: 2356.8541 | GZ10: 2690.5 | HA10: =GZ10/GY10 -> 1.1415641 | HC10: 8 | HD10: quinta-feira | HE10: 3129.2094 | HF10: 2701.5 | HG10: =HF10/HE10 -> 0.8633171 | HI10: 8 | HJ10: domingo | HK10: 4579.572 | HL10: 7023.5 | HM10: =HL10/HK10 -> 1.5336586 | HO10: 8 | HP10: domingo | HQ10: 4694.9778 | HR10: 3740.5 | HS10: =HR10/HQ10 -> 0.79670239 | HU10: 8 | HV10: quarta-feira | HW10: 2951.8025 | HX10: 2793 | HY10: =HX10/HW10 -> 0.94620152 | IA10: 8 | IB10: sexta-feira | IC10: 2874.8783 | ID10: 1952 | IE10: =ID10/IC10 -> 0.67898526
A11: 9 | B11: quinta-feira | C11: 2900 | D11: 3475.38 | E11: =D11/C11 -> 1.1984069 | G11: 9 | H11: quinta-feira | I11: 2599.55 | J11: 2288.5 | K11: =J11/I11 -> 0.88034468 | M11: 9 | N11: domingo | O11: 4495.4793 | P11: 3716 | Q11: =P11/O11 -> 0.82660819 | S11: 9 | T11: terça-feira | U11: 3175.47 | V11: 2081.5 | W11: =V11/U11 -> 0.65549352 | Y11: 9 | Z11: sexta-feira | AA11: 3615.6194 | AB11: 3098.5 | AC11: =AB11/AA11 -> 0.85697625 | AE11: 9 | AF11: domingo | AG11: 3814.7821 | AH11: 4798.5 | AI11: =AH11/AG11 -> 1.25787 | AK11: 9 | AL11: quarta-feira | AM11: 3259.2753 | AN11: 3880.5 | AO11: =AN11/AM11 -> 1.1906021 | AQ11: 9 | AR11: sábado | AS11: 4983.3081 | AT11: 4754.01 | AU11: =AT11/AS11 -> 0.95398677 | AW11: 9 | AX11: segunda-feira | AY11: 2984.1708 | AZ11: 1880.5 | BA11: =AZ11/AY11 -> 0.63015829 | BC11: 9 | BD11: quinta-feira | BE11: 3575.8307 | BF11: 3569.03 | BG11: =BF11/BE11 -> 0.99809814 | BI11: 9 | BJ11: sábado | BK11: 5319.0418 | BL11: 5054.5 | BM11: =BL11/BK11 -> 0.95026514 | BO11: 9 | BP11: terça-feira | BQ11: 3384.925 | BR11: 2845 | BS11: =BR11/BQ11 -> 0.8404913 | BU11: 9 | BV11: sexta-feira | BW11: 4231.4641 | BX11: 3114.53 | BY11: =BX11/BW11 -> 0.73604074 | CA11: 9 | CB11: sábado | CC11: 5912.077 | CD11: 7348.01 | CE11: =CD11/CC11 -> 1.2428813 | CG11: 9 | CH11: terça-feira | CI11: 3787.9865 | CJ11: 3501.51 | CK11: =CJ11/CI11 -> 0.92437237 | CM11: 9 | CN11: quinta-feira | CO11: 4144.624 | CP11: 2216.54 | CQ11: =CP11/CO11 -> 0.53479881 | CS11: 9 | CT11: domingo | CU11: 5211.9011 | CV11: 1864.57 | CW11: =CV11/CU11 -> 0.35775238 | CY11: 9 | CZ11: terça-feira | DA11: 3688.5249 | DB11: 2942.51 | DC11: =DB11/DA11 -> 0.7977471 | DE11: 9 | DF11: sexta-feira | DG11: 3693.5211 | DH11: 2343.63 | DI11: =DH11/DG11 -> 0.6345246 | DK11: 9 | DL11: segunda-feira | DM11: 2758.3412 | DN11: 2681.05 | DO11: =DN11/DM11 -> 0.97197909 | DQ11: 9 | DR11: quarta-feira | DS11: 3018.0552 | DT11: 4276.57 | DU11: =DT11/DS11 -> 1.4169953 | DW11: 9 | DX11: sábado | DY11: 4387.43 | DZ11: 8614 | EA11: =DZ11/DY11 -> 1.9633362 | EC11: 9 | ED11: segunda-feira | EE11: 3478.477 | EF11: 2929.75 | EG11: =EF11/EE11 -> 0.8422508 | EI11: 9 | EJ11: quinta-feira | EK11: 3270.1531 | EL11: 3879.5 | EM11: =EL11/EK11 -> 1.1863359 | EO11: 9 | EP11: domingo | EQ11: 4203.3225 | ER11: 7420.75 | ES11: =ER11/EQ11 -> 1.7654486 | EU11: 9 | EV11: domingo | EW11: 4690.301 | EX11: 5694.01 | EY11: =EX11/EW11 -> 1.2139967 | FA11: 9 | FB11: quarta-feira | FC11: 3929.0711 | FD11: 2392 | FE11: =FD11/FC11 -> 0.6087953 | FG11: 9 | FH11: sexta-feira | FI11: 4211.0293 | FJ11: 2985.26 | FK11: =FJ11/FI11 -> 0.70891456 | FM11: 9 | FN11: segunda-feira | FO11: 3046.4022 | FP11: 2079.5 | FQ11: =FP11/FO11 -> 0.68260849 | FS11: 9 | FT11: quarta-feira | FU11: 3453.1279 | FV11: 2495.5 | FW11: =FV11/FU11 -> 0.72267812 | FY11: 9 | FZ11: sábado | GA11: 4768.5024 | GB11: 3584.42 | GC11: =GB11/GA11 -> 0.75168673 | GE11: 9 | GF11: terça-feira | GG11: 2506.3233 | GH11: 1530.5 | GI11: =GH11/GG11 -> 0.61065546 | GK11: 9 | GL11: quinta-feira | GM11: 3151.4242 | GN11: 7879.81 | GO11: =GN11/GM11 -> 2.5003965 | GQ11: 9 | GR11: domingo | GS11: 4423.4333 | GT11: 5717.4 | GU11: =GT11/GS11 -> 1.2925254 | GW11: 9 | GX11: terça-feira | GY11: 2287.0304 | GZ11: 3328.5 | HA11: =GZ11/GY11 -> 1.4553807 | HC11: 9 | HD11: sexta-feira | HE11: 2824.9616 | HF11: 3397.5 | HG11: =HF11/HE11 -> 1.2026712 | HI11: 9 | HJ11: segunda-feira | HK11: 2688.7593 | HL11: 3695 | HM11: =HL11/HK11 -> 1.3742398 | HO11: 9 | HP11: segunda-feira | HQ11: 2600.9631 | HR11: 2013.5 | HS11: =HR11/HQ11 -> 0.77413631 | HU11: 9 | HV11: quinta-feira | HW11: 2871.1989 | HX11: 2022.5 | HY11: =HX11/HW11 -> 0.70440957 | IA11: 9 | IB11: sábado | IC11: 4633.3495 | ID11: 6028.06 | IE11: =ID11/IC11 -> 1.3010156
A12: 10 | B12: sexta-feira | C12: 3700 | D12: 4031.92 | E12: =D12/C12 -> 1.0897081 | G12: 10 | H12: sexta-feira | I12: 3555.4125 | J12: 3160.5 | K12: =J12/I12 -> 0.88892639 | M12: 10 | N12: segunda-feira | O12: 2733.978 | P12: 2381.5 | Q12: =P12/O12 -> 0.87107504 | S12: 10 | T12: quarta-feira | U12: 3056.8185 | V12: 2482 | W12: =V12/U12 -> 0.81195532 | Y12: 10 | Z12: sábado | AA12: 4056.9528 | AB12: 3258.5 | AC12: =AB12/AA12 -> 0.80318904 | AE12: 10 | AF12: segunda-feira | AG12: 2577.6316 | AH12: 2475 | AI12: =AH12/AG12 -> 0.96018374 | AK12: 10 | AL12: quinta-feira | AM12: 2961.4519 | AN12: 2187.51 | AO12: =AN12/AM12 -> 0.73866133 | AQ12: 10 | AR12: domingo | AS12: 4829.4395 | AT12: 3477.13 | AU12: =AT12/AS12 -> 0.71998625 | AW12: 10 | AX12: terça-feira | AY12: 3688.7947 | AZ12: 2136.59 | BA12: =AZ12/AY12 -> 0.57921087 | BC12: 10 | BD12: sexta-feira | BE12: 4199.4378 | BF12: 3728.02 | BG12: =BF12/BE12 -> 0.88774263 | BI12: 10 | BJ12: domingo | BK12: 5306.6871 | BL12: 6274 | BM12: =BL12/BK12 -> 1.1822819 | BO12: 10 | BP12: quarta-feira | BQ12: 3756.9044 | BR12: 3176.51 | BS12: =BR12/BQ12 -> 0.84551259 | BU12: 10 | BV12: sábado | BW12: 5459.1366 | BX12: 4429.56 | BY12: =BX12/BW12 -> 0.81140304 | CA12: 10 | CB12: domingo | CC12: 6068.5452 | CD12: 7547.04 | CE12: =CD12/CC12 -> 1.2436325 | CG12: 10 | CH12: quarta-feira | CI12: 4146.7939 | CJ12: 3855.04 | CK12: =CJ12/CI12 -> 0.92964349 | CM12: 10 | CN12: sexta-feira | CO12: 4759.3194 | CP12: 2109.57 | CQ12: =CP12/CO12 -> 0.44325035 | CS12: 10 | CT12: segunda-feira | CU12: 3035.46 | CV12: 2220.52 | CW12: =CV12/CU12 -> 0.73152669 | CY12: 10 | CZ12: quarta-feira | DA12: 3391.5486 | DB12: 2437.05 | DC12: =DB12/DA12 -> 0.71856555 | DE12: 10 | DF12: sábado | DG12: 4876.4236 | DH12: 3024.06 | DI12: =DH12/DG12 -> 0.62013891 | DK12: 10 | DL12: terça-feira | DM12: 3483.7085 | DN12: 2430.52 | DO12: =DN12/DM12 -> 0.69768179 | DQ12: 10 | DR12: quinta-feira | DS12: 2876.6968 | DT12: 4676.55 | DU12: =DT12/DS12 -> 1.6256666 | DW12: 10 | DX12: domingo | DY12: 4007.9167 | DZ12: 8551.27 | EA12: =DZ12/DY12 -> 2.1335947 | EC12: 10 | ED12: terça-feira | EE12: 3892.5032 | EF12: 2934.75 | EG12: =EF12/EE12 -> 0.75394928 | EI12: 10 | EJ12: sexta-feira | EK12: 3395.1738 | EL12: 2982.75 | EM12: =EL12/EK12 -> 0.87852646 | EO12: 10 | EP12: segunda-feira | EQ12: 3410.9596 | ER12: 4290.77 | ES12: =ER12/EQ12 -> 1.2579363 | EU12: 10 | EV12: segunda-feira | EW12: 3506.3663 | EX12: 2149.75 | EY12: =EX12/EW12 -> 0.61309909 | FA12: 10 | FB12: quinta-feira | FC12: 3926.0768 | FD12: 2441.01 | FE12: =FD12/FC12 -> 0.6217428 | FG12: 10 | FH12: sábado | FI12: 5462.333 | FJ12: 3706.01 | FK12: =FJ12/FI12 -> 0.6784665 | FM12: 10 | FN12: terça-feira | FO12: 3196.462 | FP12: 2123.76 | FQ12: =FP12/FO12 -> 0.66440958 | FS12: 10 | FT12: quinta-feira | FU12: 3309.5277 | FV12: 3523.02 | FW12: =FV12/FU12 -> 1.0645084 | FY12: 10 | FZ12: domingo | GA12: 4265.0085 | GB12: 3536.91 | GC12: =GB12/GA12 -> 0.82928556 | GE12: 10 | GF12: quarta-feira | GG12: 3098.3747 | GH12: 2097.29 | GI12: =GH12/GG12 -> 0.67690006 | GK12: 10 | GL12: sexta-feira | GM12: 3011.9163 | GN12: 6661.76 | GO12: =GN12/GM12 -> 2.2118011 | GQ12: 10 | GR12: segunda-feira | GS12: 2925.7362 | GT12: 2552 | GU12: =GT12/GS12 -> 0.87225908 | GW12: 10 | GX12: quarta-feira | GY12: 2757.4024 | GZ12: 2934.01 | HA12: =GZ12/GY12 -> 1.0640485 | HC12: 10 | HD12: sábado | HE12: 3969.1895 | HF12: 5844.01 | HG12: =HF12/HE12 -> 1.4723434 | HI12: 10 | HJ12: terça-feira | HK12: 2784.4127 | HL12: 3054.5 | HM12: =HL12/HK12 -> 1.0969997 | HO12: 10 | HP12: terça-feira | HQ12: 2691.1035 | HR12: 2396 | HS12: =HR12/HQ12 -> 0.89034109 | HU12: 10 | HV12: sexta-feira | HW12: 2948.2952 | HX12: 2358 | HY12: =HX12/HW12 -> 0.79978424 | IA12: 10 | IB12: domingo | IC12: 4467.7141 | ID12: 3823 | IE12: =ID12/IC12 -> 0.85569487
A13: 11 | B13: sábado | C13: 5000 | D13: 5536.05 | E13: =D13/C13 -> 1.10721 | G13: 11 | H13: sábado | I13: 4996.1625 | J13: 5589.5 | K13: =J13/I13 -> 1.1187586 | M13: 11 | N13: terça-feira | O13: 3465.2332 | P13: 1988 | Q13: =P13/O13 -> 0.57369876 | S13: 11 | T13: quinta-feira | U13: 2628.8231 | V13: 2258 | W13: =V13/U13 -> 0.85893951 | Y13: 11 | Z13: domingo | AA13: 3689.7124 | AB13: 3123.5 | AC13: =AB13/AA13 -> 0.84654296 | AE13: 11 | AF13: terça-feira | AG13: 3323.8687 | AH13: 3082.52 | AI13: =AH13/AG13 -> 0.92738922 | AK13: 11 | AL13: sexta-feira | AM13: 3615.0324 | AN13: 2958 | AO13: =AN13/AM13 -> 0.81824993 | AQ13: 11 | AR13: segunda-feira | AS13: 3049.5239 | AT13: 2128.01 | AU13: =AT13/AS13 -> 0.69781713 | AW13: 11 | AX13: quarta-feira | AY13: 3620.8486 | AZ13: 3153.51 | BA13: =AZ13/AY13 -> 0.8709312 | BC13: 11 | BD13: sábado | BE13: 5580.9552 | BF13: 4232 | BG13: =BF13/BE13 -> 0.75829314 | BI13: 11 | BJ13: segunda-feira | BK13: 3108.0549 | BL13: 3076 | BM13: =BL13/BK13 -> 0.98968651 | BO13: 11 | BP13: quinta-feira | BQ13: 3789.0215 | BR13: 3624.04 | BS13: =BR13/BQ13 -> 0.95645801 | BU13: 11 | BV13: domingo | BW13: 5569.6858 | BX13: 5069.52 | BY13: =BX13/BW13 -> 0.91019856 | CA13: 11 | CB13: segunda-feira | CC13: 3258.9018 | CD13: 3917.53 | CE13: =CD13/CC13 -> 1.2021013 | CG13: 11 | CH13: quinta-feira | CI13: 4164.5249 | CJ13: 4783.54 | CK13: =CJ13/CI13 -> 1.14864 | CM13: 11 | CN13: sábado | CO13: 6903.4878 | CP13: 2295.52 | CQ13: =CP13/CO13 -> 0.33251598 | CS13: 11 | CT13: terça-feira | CU13: 3778.056 | CV13: 1779.11 | CW13: =CV13/CU13 -> 0.4709062 | CY13: 11 | CZ13: quinta-feira | DA13: 3390.7397 | DB13: 3111.5 | DC13: =DB13/DA13 -> 0.91764637 | DE13: 11 | DF13: domingo | DG13: 4499.2023 | DH13: 1972.08 | DI13: =DH13/DG13 -> 0.4383177 | DK13: 11 | DL13: quarta-feira | DM13: 3244.3614 | DN13: 2415.5 | DO13: =DN13/DM13 -> 0.74452247 | DQ13: 11 | DR13: sexta-feira | DS13: 2817.0883 | DT13: 4732.57 | DU13: =DT13/DS13 -> 1.6799509 | DW13: 11 | DX13: segunda-feira | DY13: 2896.2583 | DZ13: 4360.75 | EA13: =DZ13/DY13 -> 1.5056496 | EC13: 11 | ED13: quarta-feira | EE13: 3820.8323 | EF13: 2933.75 | EG13: =EF13/EE13 -> 0.76783009 | EI13: 11 | EJ13: sábado | EK13: 4193.8886 | EL13: 5174 | EM13: =EL13/EK13 -> 1.2336999 | EO13: 11 | EP13: terça-feira | EQ13: 3824.392 | ER13: 4036 | ES13: =ER13/EQ13 -> 1.0553311 | EU13: 11 | EV13: terça-feira | EW13: 3947.5553 | EX13: 2203.75 | EY13: =EX13/EW13 -> 0.5582569 | FA13: 11 | FB13: sexta-feira | FC13: 4211.0293 | FD13: 3065.81 | FE13: =FD13/FC13 -> 0.7280429 | FG13: 11 | FH13: domingo | FI13: 5046.1205 | FJ13: 2910.75 | FK13: =FJ13/FI13 -> 0.57682926 | FM13: 11 | FN13: quarta-feira | FO13: 3456.0407 | FP13: 2997.75 | FQ13: =FP13/FO13 -> 0.86739429 | FS13: 11 | FT13: sexta-feira | FU13: 3432.8398 | FV13: 3388.5 | FW13: =FV13/FU13 -> 0.98708364 | FY13: 11 | FZ13: segunda-feira | GA13: 2733.3045 | GB13: 2170.52 | GC13: =GB13/GA13 -> 0.79410105 | GE13: 11 | GF13: quinta-feira | GG13: 3151.4242 | GH13: 2250 | GI13: =GH13/GG13 -> 0.71396292 | GK13: 11 | GL13: sábado | GM13: 4334.402 | GN13: 8622 | GO13: =GN13/GM13 -> 1.9892018 | GQ13: 11 | GR13: terça-feira | GS13: 2882.2718 | GT13: 3252.5 | GU13: =GT13/GS13 -> 1.1284501 | GW13: 11 | GX13: quinta-feira | GY13: 3129.2094 | GZ13: 2524 | HA13: =GZ13/GY13 -> 0.80659351 | HC13: 11 | HD13: domingo | HE13: 4064.6046 | HF13: 5247 | HG13: =HF13/HE13 -> 1.2909005 | HI13: 11 | HJ13: quarta-feira | HK13: 3123.952 | HL13: 4457 | HM13: =HL13/HK13 -> 1.4267185 | HO13: 11 | HP13: quarta-feira | HQ13: 3000.2225 | HR13: 5202 | HS13: =HR13/HQ13 -> 1.7338714 | HU13: 11 | HV13: sábado | HW13: 4705.97 | HX13: 4750.5 | HY13: =HX13/HW13 -> 1.0094624 | IA13: 11 | IB13: segunda-feira | IC13: 2465.1209 | ID13: 1685 | IE13: =ID13/IC13 -> 0.68353645
A14: 12 | B14: domingo | C14: 4000 | D14: 5480.5 | E14: =D14/C14 -> 1.370125 | G14: 12 | H14: domingo | I14: 4734.9025 | J14: 4383 | K14: =J14/I14 -> 0.92567904 | M14: 12 | N14: quarta-feira | O14: 3505.1051 | P14: 2640 | Q14: =P14/O14 -> 0.75318712 | S14: 12 | T14: sexta-feira | U14: 4033.7808 | V14: 3488 | W14: =V14/U14 -> 0.86469746 | Y14: 12 | Z14: segunda-feira | AA14: 2557.5375 | AB14: 2140.5 | AC14: =AB14/AA14 -> 0.83693787 | AE14: 12 | AF14: quarta-feira | AG14: 3100.4055 | AH14: 3377.5 | AI14: =AH14/AG14 -> 1.0893736 | AK14: 12 | AL14: sábado | AM14: 4370.5494 | AN14: 4542.01 | AO14: =AN14/AM14 -> 1.0392309 | AQ14: 12 | AR14: terça-feira | AS14: 3489.2348 | AT14: 2463 | AU14: =AT14/AS14 -> 0.70588543 | AW14: 12 | AX14: quinta-feira | AY14: 3535.0242 | AZ14: 6548.5 | BA14: =AZ14/AY14 -> 1.8524626 | BC14: 12 | BD14: domingo | BE14: 5140.1684 | BF14: 6334.5 | BG14: =BF14/BE14 -> 1.2323526 | BI14: 12 | BJ14: terça-feira | BK14: 3435.8945 | BL14: 3028.01 | BM14: =BL14/BK14 -> 0.88128725 | BO14: 12 | BP14: sexta-feira | BQ14: 4029.9658 | BR14: 3733.53 | BS14: =BR14/BQ14 -> 0.9264421 | BU14: 12 | BV14: segunda-feira | BW14: 3222.1275 | BX14: 3647.55 | BY14: =BX14/BW14 -> 1.1320316 | CA14: 12 | CB14: terça-feira | CC14: 3607.6061 | CD14: 5202 | CE14: =CD14/CC14 -> 1.4419534 | CG14: 12 | CH14: sexta-feira | CI14: 4618.7473 | CJ14: 3759.54 | CK14: =CJ14/CI14 -> 0.81397395 | CM14: 12 | CN14: domingo | CO14: 6423.7719 | CP14: 2134.07 | CQ14: =CP14/CO14 -> 0.33221447 | CS14: 12 | CT14: quarta-feira | CU14: 3423.9315 | CV14: 3044.03 | CW14: =CV14/CU14 -> 0.88904524 | CY14: 12 | CZ14: sexta-feira | DA14: 3831.459 | DB14: 2512.56 | DC14: =DB14/DA14 -> 0.65577108 | DE14: 12 | DF14: segunda-feira | DG14: 2899.715 | DH14: 2737.7 | DI14: =DH14/DG14 -> 0.94412727 | DK14: 12 | DL14: quinta-feira | DM14: 3168.1678 | DN14: 2605.52 | DO14: =DN14/DM14 -> 0.82240595 | DQ14: 12 | DR14: sábado | DS14: 3631.1612 | DT14: 5725.01 | DU14: =DT14/DS14 -> 1.5766334 | DW14: 12 | DX14: terça-feira | DY14: 3657.894 | DZ14: 5184.8 | EA14: =DZ14/DY14 -> 1.4174276 | EC14: 12 | ED14: quinta-feira | EE14: 3738.5755 | EF14: 2501.6 | EG14: =EF14/EE14 -> 0.66913186 | EI14: 12 | EJ14: domingo | EK14: 3751.0971 | EL14: 3844.25 | EM14: =EL14/EK14 -> 1.0248335 | EO14: 12 | EP14: quarta-feira | EQ14: 3598.8594 | ER14: 5012.26 | ES14: =ER14/EQ14 -> 1.3927357 | EU14: 12 | EV14: quarta-feira | EW14: 3815.6826 | EX14: 3651 | EY14: =EX14/EW14 -> 0.95684058 | FA14: 12 | FB14: sábado | FC14: 5462.333 | FD14: 3065.25 | FE14: =FD14/FC14 -> 0.56116132 | FG14: 12 | FH14: segunda-feira | FI14: 3488.6018 | FJ14: 1417.26 | FK14: =FJ14/FI14 -> 0.40625445 | FM14: 12 | FN14: quinta-feira | FO14: 3327.217 | FP14: 3996.29 | FQ14: =FP14/FO14 -> 1.2010909 | FS14: 12 | FT14: sábado | FU14: 4957.4453 | FV14: 4008.16 | FW14: =FV14/FU14 -> 0.80851321 | FY14: 12 | FZ14: terça-feira | GA14: 2712.6178 | GB14: 3052 | GC14: =GB14/GA14 -> 1.1251124 | GE14: 12 | GF14: sexta-feira | GG14: 3011.9163 | GH14: 2097.93 | GI14: =GH14/GG14 -> 0.69654325 | GK14: 12 | GL14: domingo | GM14: 3846.4638 | GN14: 7934.7 | GO14: =GN14/GM14 -> 2.0628558 | GQ14: 12 | GR14: quarta-feira | GS14: 3563.1309 | GT14: 1830.5 | GU14: =GT14/GS14 -> 0.51373359 | GW14: 12 | GX14: sexta-feira | GY14: 2824.9616 | GZ14: 2651 | HA14: =GZ14/GY14 -> 0.93841984 | HC14: 12 | HD14: segunda-feira | HE14: 2356.8541 | HF14: 2547.5 | HG14: =HF14/HE14 -> 1.08089 | HI14: 12 | HJ14: quinta-feira | HK14: 3353.4495 | HL14: 1257 | HM14: =HL14/HK14 -> 0.37483791 | HO14: 12 | HP14: quinta-feira | HQ14: 3049.4403 | HR14: 2442.5 | HS14: =HR14/HQ14 -> 0.80096665 | HU14: 12 | HV14: domingo | HW14: 4690.8556 | HX14: 4090 | HY14: =HX14/HW14 -> 0.87190917 | IA14: 12 | IB14: terça-feira | IC14: 2649.5639 | ID14: 2066 | IE14: =ID14/IC14 -> 0.77975095
A15: 13 | B15: segunda-feira | C15: 1900 | D15: 4060.5 | E15: =D15/C15 -> 2.1371053 | G15: 13 | H15: segunda-feira | I15: 3140.65 | J15: 1733 | K15: =J15/I15 -> 0.5517966 | M15: 13 | N15: quinta-feira | O15: 2738.7476 | P15: 2426.5 | Q15: =P15/O15 -> 0.88598892 | S15: 13 | T15: sábado | U15: 4690.0885 | V15: 3590.5 | W15: =V15/U15 -> 0.76555059 | Y15: 13 | Z15: terça-feira | AA15: 3393.5087 | AB15: 2227.5 | AC15: =AB15/AA15 -> 0.65640025 | AE15: 13 | AF15: quinta-feira | AG15: 2743.6835 | AH15: 3606.02 | AI15: =AH15/AG15 -> 1.3142988 | AK15: 13 | AL15: domingo | AM15: 4138.3611 | AN15: 3816.5 | AO15: =AN15/AM15 -> 0.92222499 | AQ15: 13 | AR15: quarta-feira | AS15: 3715.9557 | AT15: 3068 | AU15: =AT15/AS15 -> 0.8256288 | AW15: 13 | AX15: sexta-feira | AY15: 3996.5601 | AZ15: 6433 | BA15: =AZ15/AY15 -> 1.6096343 | BC15: 13 | BD15: segunda-feira | BE15: 2913.2751 | BF15: 2463.52 | BG15: =BF15/BE15 -> 0.84561874 | BI15: 13 | BJ15: quarta-feira | BK15: 3839.4968 | BL15: 3176 | BM15: =BL15/BK15 -> 0.82719173 | BO15: 13 | BP15: sábado | BQ15: 5199.1777 | BR15: 5902.04 | BS15: =BR15/BQ15 -> 1.1351872 | BU15: 13 | BV15: terça-feira | BW15: 3554.1712 | BX15: 4739.5 | BY15: =BX15/BW15 -> 1.3335036 | CA15: 13 | CB15: quarta-feira | CC15: 3949.3276 | CD15: 4511.03 | CE15: =CD15/CC15 -> 1.1422274 | CG15: 13 | CH15: sábado | CI15: 6207.6809 | CJ15: 5133.04 | CK15: =CJ15/CI15 -> 0.82688529 | CM15: 13 | CN15: segunda-feira | CO15: 3518.0441 | CP15: 3067.68 | CQ15: =CP15/CO15 -> 0.87198453 | CS15: 13 | CT15: quinta-feira | CU15: 3452.2635 | CV15: 2266.57 | CW15: =CV15/CU15 -> 0.65654606 | CY15: 13 | CZ15: sábado | DA15: 5263.6137 | DB15: 3434.54 | DC15: =DB15/DA15 -> 0.65250609 | DE15: 13 | DF15: terça-feira | DG15: 3652.4062 | DH15: 2837.1 | DI15: =DH15/DG15 -> 0.7767756 | DK15: 13 | DL15: sexta-feira | DM15: 3230.8851 | DN15: 2431.5 | DO15: =DN15/DM15 -> 0.75258015 | DQ15: 13 | DR15: domingo | DS15: 3162.9469 | DT15: 6097.03 | DU15: =DT15/DS15 -> 1.9276422 | DW15: 13 | DX15: quarta-feira | DY15: 3406.5795 | DZ15: 6840.76 | EA15: =DZ15/DY15 -> 2.0081023 | EC15: 13 | ED15: sexta-feira | EE15: 3996.9577 | EF15: 3563.35 | EG15: =EF15/EE15 -> 0.89151557 | EI15: 13 | EJ15: segunda-feira | EK15: 3161.8064 | EL15: 2271.75 | EM15: =EL15/EK15 -> 0.71849749 | EO15: 13 | EP15: quinta-feira | EQ15: 3504.972 | ER15: 4701.75 | ES15: =ER15/EQ15 -> 1.3414515 | EU15: 13 | EV15: quinta-feira | EW15: 3699.3393 | EX15: 3370.25 | EY15: =EX15/EW15 -> 0.91104105 | FA15: 13 | FB15: domingo | FC15: 5046.1205 | FD15: 2786.01 | FE15: =FD15/FC15 -> 0.55210928 | FG15: 13 | FH15: terça-feira | FI15: 3878.677 | FJ15: 1942.27 | FK15: =FJ15/FI15 -> 0.5007558 | FM15: 13 | FN15: sexta-feira | FO15: 3504.4684 | FP15: 1930.5 | FQ15: =FP15/FO15 -> 0.55086814 | FS15: 13 | FT15: domingo | FU15: 4348.3931 | FV15: 2679.07 | FW15: =FV15/FU15 -> 0.61610576 | FY15: 13 | FZ15: quarta-feira | GA15: 3303.2954 | GB15: 3561.52 | GC15: =GB15/GA15 -> 1.0781718 | GE15: 13 | GF15: sábado | GG15: 4334.402 | GH15: 3593.8 | GI15: =GH15/GG15 -> 0.82913399 | GK15: 13 | GL15: segunda-feira | GM15: 2544.1185 | GN15: 1076.01 | GO15: =GN15/GM15 -> 0.42294021 | GQ15: 13 | GR15: quinta-feira | GS15: 3624.1378 | GT15: 2209 | GU15: =GT15/GS15 -> 0.60952428 | GW15: 13 | GX15: sábado | GY15: 3969.1895 | GZ15: 4429.01 | HA15: =GZ15/GY15 -> 1.1158474 | HC15: 13 | HD15: terça-feira | HE15: 2287.0304 | HF15: 1989 | HG15: =HF15/HE15 -> 0.86968674 | HI15: 13 | HJ15: sexta-feira | HK15: 3092.8637 | HL15: 1471.5 | HM15: =HL15/HK15 -> 0.47577267 | HO15: 13 | HP15: sexta-feira | HQ15: 3011.866 | HR15: 2079 | HS15: =HR15/HQ15 -> 0.69026975 | HU15: 13 | HV15: segunda-feira | HW15: 2460.2421 | HX15: 1953 | HY15: =HX15/HW15 -> 0.79382431 | IA15: 13 | IB15: quarta-feira | IC15: 2953.7709 | ID15: 3548 | IE15: =ID15/IC15 -> 1.2011764
... A20: 18 | B20: sábado | C20: 4500 | D20: 3673 | E20: =D20/C20 -> 0.81622222 | G20: 18 | H20: sábado | I20: 4996.1625 | J20: 4443 | K20: =J20/I20 -> 0.88928252 | M20: 18 | N20: terça-feira | O20: 3465.2332 | P20: 4678.5 | Q20: =P20/O20 -> 1.3501256 | S20: 18 | T20: quinta-feira | U20: 2628.8231 | V20: 2666 | W20: =V20/U20 -> 1.014142 | Y20: 18 | Z20: domingo | AA20: 3689.7124 | AB20: 3754.5 | AC20: =AB20/AA20 -> 1.017559 | AE20: 18 | AF20: terça-feira | AG20: 3323.8687 | AH20: 3468.5 | AI20: =AH20/AG20 -> 1.0435129 | AK20: 18 | AL20: sexta-feira | AM20: 3615.0324 | AN20: 2904 | AO20: =AN20/AM20 -> 0.8033123 | AQ20: 18 | AR20: segunda-feira | AS20: 3049.5239 | AT20: 2641.02 | AU20: =AT20/AS20 -> 0.86604339 | AW20: 18 | AX20: quarta-feira | AY20: 3620.8486 | AZ20: 3622.5 | BA20: =AZ20/AY20 -> 1.0004561 | BC20: 18 | BD20: sábado | BE20: 5580.9552 | BF20: 6592.5 | BG20: =BF20/BE20 -> 1.1812494 | BI20: 18 | BJ20: segunda-feira | BK20: 3108.0549 | BL20: 2293 | BM20: =BL20/BK20 -> 0.73776046 | BO20: 18 | BP20: quinta-feira | BQ20: 3789.0215 | BR20: 2445.5 | BS20: =BR20/BQ20 -> 0.64541729 | BU20: 18 | BV20: domingo | BW20: 5569.6858 | BX20: 7680.01 | BY20: =BX20/BW20 -> 1.3788947 | CA20: 18 | CB20: segunda-feira | CC20: 3258.9018 | CD20: 2444.53 | CE20: =CD20/CC20 -> 0.75010852 | CG20: 18 | CH20: quinta-feira | CI20: 4164.5249 | CJ20: 3078.1 | CK20: =CJ20/CI20 -> 0.73912393 | CM20: 18 | CN20: sábado | CO20: 6903.4878 | CP20: 2511.53 | CQ20: =CP20/CO20 -> 0.36380596 | CS20: 18 | CT20: terça-feira | CU20: 3778.056 | CV20: 2025.03 | CW20: =CV20/CU20 -> 0.53599788 | CY20: 18 | CZ20: quinta-feira | DA20: 3390.7397 | DB20: 2359.5 | DC20: =DB20/DA20 -> 0.69586586 | DE20: 18 | DF20: domingo | DG20: 4499.2023 | DH20: 2209.51 | DI20: =DH20/DG20 -> 0.49108927 | DK20: 18 | DL20: quarta-feira | DM20: 3244.3614 | DN20: 3146.5 | DO20: =DN20/DM20 -> 0.96983646 | DQ20: 18 | DR20: sexta-feira | DS20: 2817.0883 | DT20: 2639.51 | DU20: =DT20/DS20 -> 0.93696388 | DW20: 18 | DX20: segunda-feira | DY20: 2896.2583 | DZ20: 4523.53 | EA20: =DZ20/DY20 -> 1.5618531 | EC20: 18 | ED20: quarta-feira | EE20: 3820.8323 | EF20: 2616 | EG20: =EF20/EE20 -> 0.68466758 | EI20: 18 | EJ20: sábado | EK20: 4193.8886 | EL20: 5551.52 | EM20: =EL20/EK20 -> 1.3237166 | EO20: 18 | EP20: terça-feira | EQ20: 3824.392 | ER20: 3488.54 | ES20: =ER20/EQ20 -> 0.9121816 | EU20: 18 | EV20: terça-feira | EW20: 3947.5553 | EX20: 2507.52 | EY20: =EX20/EW20 -> 0.63520832 | FA20: 18 | FB20: sexta-feira | FC20: 4211.0293 | FD20: 1976.5 | FE20: =FD20/FC20 -> 0.46936268 | FG20: 18 | FH20: domingo | FI20: 5046.1205 | FJ20: 2456.5 | FK20: =FJ20/FI20 -> 0.48680962 | FM20: 18 | FN20: quarta-feira | FO20: 3456.0407 | FP20: 2614.03 | FQ20: =FP20/FO20 -> 0.75636551 | FS20: 18 | FT20: sexta-feira | FU20: 3432.8398 | FV20: 2244.27 | FW20: =FV20/FU20 -> 0.65376485 | FY20: 18 | FZ20: segunda-feira | GA20: 2733.3045 | GB20: 1835 | GC20: =GB20/GA20 -> 0.67134854 | GE20: 18 | GF20: quinta-feira | GG20: 3151.4242 | GH20: 1838 | GI20: =GH20/GG20 -> 0.58322838 | GK20: 18 | GL20: sábado | GM20: 4334.402 | GN20: 3029.9 | GO20: =GN20/GM20 -> 0.69903531 | GQ20: 18 | GR20: terça-feira | GS20: 2882.2718 | GT20: 1135.01 | GU20: =GT20/GS20 -> 0.39379007 | GW20: 18 | GX20: quinta-feira | GY20: 3129.2094 | GZ20: 2127.5 | HA20: =GZ20/GY20 -> 0.67988419 | HC20: 18 | HD20: domingo | HE20: 4064.6046 | HF20: 6474 | HG20: =HF20/HE20 -> 1.5927748 | HI20: 18 | HJ20: quarta-feira | HK20: 3123.952 | HL20: 1707.5 | HM20: =HL20/HK20 -> 0.5465833 | HO20: 18 | HP20: quarta-feira | HQ20: 3000.2225 | HR20: 1266 | HS20: =HR20/HQ20 -> 0.4219687 | HU20: 18 | HV20: sábado | HW20: 4705.97 | HX20: 4164.5 | HY20: =HX20/HW20 -> 0.88493976 | IA20: 18 | IB20: segunda-feira | IC20: 2465.1209 | ID20: 1406 | IE20: =ID20/IC20 -> 0.57035741
A21: 19 | B21: domingo | C21: 3500 | D21: 3671 | E21: =D21/C21 -> 1.0488571 | G21: 19 | H21: domingo | I21: 4734.9025 | J21: 3675.5 | K21: =J21/I21 -> 0.77625674 | M21: 19 | N21: quarta-feira | O21: 3505.1051 | P21: 2052.5 | Q21: =P21/O21 -> 0.58557446 | S21: 19 | T21: sexta-feira | U21: 4033.7808 | V21: 2666 | W21: =V21/U21 -> 0.66091842 | Y21: 19 | Z21: segunda-feira | AA21: 2557.5375 | AB21: 2145 | AC21: =AB21/AA21 -> 0.83869738 | AE21: 19 | AF21: quarta-feira | AG21: 3100.4055 | AH21: 3813 | AI21: =AH21/AG21 -> 1.2298391 | AK21: 19 | AL21: sábado | AM21: 4370.5494 | AN21: 5272 | AO21: =AN21/AM21 -> 1.2062557 | AQ21: 19 | AR21: terça-feira | AS21: 3489.2348 | AT21: 2972 | AU21: =AT21/AS21 -> 0.85176268 | AW21: 19 | AX21: quinta-feira | AY21: 3535.0242 | AZ21: 3047.01 | BA21: =AZ21/AY21 -> 0.86194884 | BC21: 19 | BD21: domingo | BE21: 5140.1684 | BF21: 5898 | BG21: =BF21/BE21 -> 1.1474332 | BI21: 19 | BJ21: terça-feira | BK21: 3435.8945 | BL21: 2868.5 | BM21: =BL21/BK21 -> 0.83486266 | BO21: 19 | BP21: sexta-feira | BQ21: 4029.9658 | BR21: 3505.01 | BS21: =BR21/BQ21 -> 0.8697369 | BU21: 19 | BV21: segunda-feira | BW21: 3222.1275 | BX21: 3044.52 | BY21: =BX21/BW21 -> 0.94487881 | CA21: 19 | CB21: terça-feira | CC21: 3607.6061 | CD21: 4869.08 | CE21: =CD21/CC21 -> 1.3496706 | CG21: 19 | CH21: sexta-feira | CI21: 4618.7473 | CJ21: 3223 | CK21: =CJ21/CI21 -> 0.69780825 | CM21: 19 | CN21: domingo | CO21: 6423.7719 | CP21: 2559.55 | CQ21: =CP21/CO21 -> 0.3984497 | CS21: 19 | CT21: quarta-feira | CU21: 3423.9315 | CV21: 2132.57 | CW21: =CV21/CU21 -> 0.62284248 | CY21: 19 | CZ21: sexta-feira | DA21: 3831.459 | DB21: 3186.5 | DC21: =DB21/DA21 -> 0.83166753 | DE21: 19 | DF21: segunda-feira | DH21: 0 | DK21: 19 | DL21: quinta-feira | DM21: 3168.1678 | DN21: 1952.02 | DO21: =DN21/DM21 -> 0.6161353 | DQ21: 19 | DR21: sábado | DS21: 3631.1612 | DT21: 2003.5 | DU21: =DT21/DS21 -> 0.55175188 | DW21: 19 | DX21: terça-feira | DY21: 3657.894 | DZ21: 6178.52 | EA21: =DZ21/DY21 -> 1.6890921 | EC21: 19 | ED21: quinta-feira | EE21: 3738.5755 | EF21: 2690.81 | EG21: =EF21/EE21 -> 0.71974204 | EI21: 19 | EJ21: domingo | EK21: 3751.0971 | EL21: 5499.75 | EM21: =EL21/EK21 -> 1.466171 | EO21: 19 | EP21: quarta-feira | EQ21: 3598.8594 | ER21: 4198.01 | ES21: =ER21/EQ21 -> 1.1664835 | EU21: 19 | EV21: quarta-feira | EW21: 3815.6826 | EX21: 2404.02 | EY21: =EX21/EW21 -> 0.63003667 | FA21: 19 | FB21: sábado | FC21: 5462.333 | FD21: 3048.54 | FE21: =FD21/FC21 -> 0.55810218 | FG21: 19 | FH21: segunda-feira | FI21: 3488.6018 | FJ21: 2093.52 | FK21: =FJ21/FI21 -> 0.60010289 | FM21: 19 | FN21: quinta-feira | FO21: 3327.217 | FP21: 2380.75 | FQ21: =FP21/FO21 -> 0.71553795 | FS21: 19 | FT21: sábado | FU21: 4957.4453 | FV21: 2244.5 | FW21: =FV21/FU21 -> 0.45275336 | FY21: 19 | FZ21: terça-feira | GA21: 2712.6178 | GB21: 2066 | GC21: =GB21/GA21 -> 0.76162591 | GE21: 19 | GF21: sexta-feira | GG21: 3011.9163 | GH21: 1633.01 | GI21: =GH21/GG21 -> 0.54218305 | GK21: 19 | GL21: domingo | GM21: 3846.4638 | GN21: 4194.4 | GO21: =GN21/GM21 -> 1.0904561 | GQ21: 19 | GR21: quarta-feira | GS21: 3563.1309 | GT21: 2343.01 | GU21: =GT21/GS21 -> 0.65757057 | GW21: 19 | GX21: sexta-feira | GY21: 2824.9616 | GZ21: 1266 | HA21: =GZ21/GY21 -> 0.44814769 | HC21: 19 | HD21: segunda-feira | HE21: 2356.8541 | HF21: 2201.51 | HG21: =HF21/HE21 -> 0.93408837 | HI21: 19 | HJ21: quinta-feira | HK21: 3353.4495 | HL21: 1749.5 | HM21: =HL21/HK21 -> 0.5217016 | HO21: 19 | HP21: quinta-feira | HQ21: 3049.4403 | HR21: 2001.5 | HS21: =HR21/HQ21 -> 0.65634995 | HU21: 19 | HV21: domingo | HW21: 4690.8556 | HX21: 4225 | HY21: =HX21/HW21 -> 0.90068857 | IA21: 19 | IB21: terça-feira | IC21: 2649.5639 | ID21: 1741 | IE21: =ID21/IC21 -> 0.65708926
A22: 20 | B22: segunda-feira | C22: 1800 | D22: 4152.5 | E22: =D22/C22 -> 2.3069444 | G22: 20 | H22: segunda-feira | I22: 3140.65 | J22: 2219 | K22: =J22/I22 -> 0.70654164 | M22: 20 | N22: quinta-feira | O22: 2738.7476 | P22: 2868 | Q22: =P22/O22 -> 1.047194 | S22: 20 | T22: sábado | U22: 4690.0885 | V22: 3580.5 | W22: =V22/U22 -> 0.76341844 | Y22: 20 | Z22: terça-feira | AA22: 3393.5087 | AB22: 2556 | AC22: =AB22/AA22 -> 0.75320271 | AE22: 20 | AF22: quinta-feira | AG22: 2743.6835 | AH22: 5307.02 | AI22: =AH22/AG22 -> 1.9342683 | AK22: 20 | AL22: domingo | AM22: 4138.3611 | AN22: 4979.01 | AO22: =AN22/AM22 -> 1.2031357 | AQ22: 20 | AR22: quarta-feira | AS22: 3715.9557 | AT22: 2657 | AU22: =AT22/AS22 -> 0.71502468 | AW22: 20 | AX22: sexta-feira | AY22: 3996.5601 | AZ22: 4769 | BA22: =AZ22/AY22 -> 1.1932762 | BC22: 20 | BD22: segunda-feira | BE22: 2913.2751 | BF22: 6636.5 | BG22: =BF22/BE22 -> 2.2780204 | BI22: 20 | BJ22: quarta-feira | BK22: 3839.4968 | BL22: 2735.51 | BM22: =BL22/BK22 -> 0.71246576 | BO22: 20 | BP22: sábado | BQ22: 5199.1777 | BR22: 6416.01 | BS22: =BR22/BQ22 -> 1.2340432 | BU22: 20 | BV22: terça-feira | BW22: 3554.1712 | BX22: 2547.53 | BY22: =BX22/BW22 -> 0.71677188 | CA22: 20 | CB22: quarta-feira | CC22: 3949.3276 | CD22: 3148.57 | CE22: =CD22/CC22 -> 0.79724205 | CG22: 20 | CH22: sábado | CI22: 6207.6809 | CJ22: 4206.56 | CK22: =CJ22/CI22 -> 0.67763793 | CM22: 20 | CN22: segunda-feira | CO22: 3518.0441 | CP22: 2431.9 | CQ22: =CP22/CO22 -> 0.69126479 | CS22: 20 | CT22: quinta-feira | CU22: 3452.2635 | CV22: 2538.53 | CW22: =CV22/CU22 -> 0.73532336 | CY22: 20 | CZ22: sábado | DA22: 5263.6137 | DB22: 2792.03 | DC22: =DB22/DA22 -> 0.53043976 | DE22: 20 | DF22: terça-feira | DG22: 3652.4062 | DH22: 2925.06 | DI22: =DH22/DG22 -> 0.80085835 | DK22: 20 | DL22: sexta-feira | DM22: 3230.8851 | DN22: 2626.01 | DO22: =DN22/DM22 -> 0.81278347 | DQ22: 20 | DR22: domingo | DS22: 3162.9469 | DT22: 3688.5 | DU22: =DT22/DS22 -> 1.1661593 | DW22: 20 | DX22: quarta-feira | DY22: 3406.5795 | DZ22: 7137.28 | EA22: =DZ22/DY22 -> 2.0951456 | EC22: 20 | ED22: sexta-feira | EE22: 3996.9577 | EF22: 2366 | EG22: =EF22/EE22 -> 0.59195022 | EI22: 20 | EJ22: segunda-feira | EK22: 3161.8064 | EL22: 4567.5 | EM22: =EL22/EK22 -> 1.4445856 | EO22: 20 | EP22: quinta-feira | EQ22: 3504.972 | ER22: 3899.51 | ES22: =ER22/EQ22 -> 1.1125652 | EU22: 20 | EV22: quinta-feira | EW22: 3699.3393 | EX22: 2565.5 | EY22: =EX22/EW22 -> 0.69350221 | FA22: 20 | FB22: domingo | FC22: 5046.1205 | FD22: 1359 | FE22: =FD22/FC22 -> 0.2693158 | FG22: 20 | FH22: terça-feira | FI22: 3878.677 | FJ22: 2438 | FK22: =FJ22/FI22 -> 0.62856484 | FM22: 20 | FN22: sexta-feira | FO22: 3504.4684 | FP22: 1809.59 | FQ22: =FP22/FO22 -> 0.51636647 | FS22: 20 | FT22: domingo | FU22: 4348.3931 | FV22: 2258.2 | FW22: =FV22/FU22 -> 0.51931828 | FY22: 20 | FZ22: quarta-feira | GA22: 3303.2954 | GB22: 1960 | GC22: =GB22/GA22 -> 0.59334688 | GE22: 20 | GF22: sábado | GG22: 4334.402 | GH22: 2976.67 | GI22: =GH22/GG22 -> 0.68675449 | GK22: 20 | GL22: segunda-feira | GM22: 2544.1185 | GN22: 2376.5 | GO22: =GN22/GM22 -> 0.93411531 | GQ22: 20 | GR22: quinta-feira | GS22: 3624.1378 | GT22: 3377.51 | GU22: =GT22/GS22 -> 0.93194856 | GW22: 20 | GX22: sábado | GY22: 3969.1895 | GZ22: 3522 | HA22: =GZ22/GY22 -> 0.8873348 | HC22: 20 | HD22: terça-feira | HE22: 2287.0304 | HF22: 7027.02 | HG22: =HF22/HE22 -> 3.0725521 | HI22: 20 | HJ22: sexta-feira | HK22: 3092.8637 | HL22: 2585.4 | HM22: =HL22/HK22 -> 0.83592433 | HO22: 20 | HP22: sexta-feira | HQ22: 3011.866 | HR22: 2674 | HS22: =HR22/HQ22 -> 0.8878217 | HU22: 20 | HV22: segunda-feira | HW22: 2460.2421 | HX22: 2595 | HY22: =HX22/HW22 -> 1.0547742 | IA22: 20 | IB22: quarta-feira | IC22: 2953.7709 | ID22: 1648 | IE22: =ID22/IC22 -> 0.55793088
A23: 21 | B23: terça-feira | C23: 2000 | D23: 4456.5 | E23: =D23/C23 -> 2.22825 | G23: 21 | H23: terça-feira | I23: 3785.785 | J23: 2553.5 | K23: =J23/I23 -> 0.67449683 | M23: 21 | N23: sexta-feira | O23: 3468.6145 | P23: 4995.5 | Q23: =P23/O23 -> 1.4402004 | S23: 21 | T23: domingo | U23: 4046.2392 | V23: 3120.5 | W23: =V23/U23 -> 0.77120996 | Y23: 21 | Z23: quarta-feira | AA23: 3016.2435 | AB23: 2371 | AC23: =AB23/AA23 -> 0.78607711 | AE23: 21 | AF23: sexta-feira | AG23: 3548.4476 | AH23: 5198.5 | AI23: =AH23/AG23 -> 1.4650068 | AK23: 21 | AL23: segunda-feira | AM23: 2705.1018 | AN23: 2345.5 | AO23: =AN23/AM23 -> 0.86706535 | AQ23: 21 | AR23: quinta-feira | AS23: 3620.9767 | AT23: 2459.01 | AU23: =AT23/AS23 -> 0.6791013 | AW23: 21 | AX23: sábado | AY23: 5060.518 | AZ23: 5458 | BA23: =AZ23/AY23 -> 1.0785457 | BC23: 21 | BD23: terça-feira | BE23: 3379.7708 | BF23: 2481 | BG23: =BF23/BE23 -> 0.73407346 | BI23: 21 | BJ23: quinta-feira | BK23: 3758.8244 | BL23: 3217.03 | BM23: =BL23/BK23 -> 0.85586069 | BO23: 21 | BP23: domingo | BQ23: 5304.4627 | BR23: 4838.09 | BS23: =BR23/BQ23 -> 0.91207919 | BU23: 21 | BV23: quarta-feira | BW23: 3944.7497 | BX23: 3458.5 | BY23: =BX23/BW23 -> 0.87673498 | CA23: 21 | CB23: quinta-feira | CC23: 3966.2142 | CD23: 4010.03 | CE23: =CD23/CC23 -> 1.0110473 | CG23: 21 | CH23: domingo | CI23: 6371.9725 | CJ23: 4285.06 | CK23: =CJ23/CI23 -> 0.67248564 | CM23: 21 | CN23: terça-feira | CO23: 4420.4126 | CP23: 2303.08 | CQ23: =CP23/CO23 -> 0.52101019 | CS23: 21 | CT23: sexta-feira | CU23: 3827.424 | CV23: 2749.59 | CW23: =CV23/CU23 -> 0.7183918 | CY23: 21 | CZ23: domingo | DA23: 4936.9069 | DB23: 2969 | DC23: =DB23/DA23 -> 0.60138869 | DE23: 21 | DF23: quarta-feira | DG23: 3405.9401 | DH23: 3664 | DI23: =DH23/DG23 -> 1.0757676 | DK23: 21 | DL23: sábado | DM23: 4178.5047 | DN23: 3730.5 | DO23: =DN23/DM23 -> 0.89278348 | DQ23: 21 | DR23: segunda-feira | DS23: 2653.7599 | DT23: 5089.51 | DU23: =DT23/DS23 -> 1.9178487 | DW23: 21 | DX23: quinta-feira | DY23: 3326.5761 | DZ23: 3774.76 | EA23: =DZ23/DY23 -> 1.1347283 | EC23: 21 | ED23: sábado | EE23: 4853.7378 | EF23: 2478.75 | EG23: =EF23/EE23 -> 0.5106889 | EI23: 21 | EJ23: terça-feira | EK23: 3526.9525 | EL23: 3183.75 | EM23: =EL23/EK23 -> 0.90269148 | EO23: 21 | EP23: sexta-feira | EQ23: 3756.4927 | ER23: 4059.45 | ES23: =ER23/EQ23 -> 1.080649 | EU23: 21 | EV23: sexta-feira | EW23: 4094.8638 | EX23: 3666.75 | EY23: =EX23/EW23 -> 0.89545103 | FA23: 21 | FB23: segunda-feira | FC23: 3488.6018 | FD23: 2463.06 | FE23: =FD23/FC23 -> 0.70603071 | FG23: 21 | FH23: quarta-feira | FI23: 3929.0711 | FJ23: 2086.76 | FK23: =FJ23/FI23 -> 0.53110772 | FM23: 21 | FN23: sábado | FO23: 4887.0415 | FP23: 2224 | FQ23: =FP23/FO23 -> 0.45508105 | FS23: 21 | FT23: segunda-feira | FU23: 2816.6947 | FV23: 1729 | FW23: =FV23/FU23 -> 0.61384005 | FY23: 21 | FZ23: quinta-feira | GA23: 3318.9416 | GB23: 4493 | GC23: =GB23/GA23 -> 1.3537448 | GE23: 21 | GF23: domingo | GG23: 3846.4638 | GH23: 2882.9 | GI23: =GH23/GG23 -> 0.7494936 | GK23: 21 | GL23: terça-feira | GM23: 2506.3233 | GN23: 2089.5 | GO23: =GN23/GM23 -> 0.83369134 | GQ23: 21 | GR23: sexta-feira | GS23: 3463.7038 | GT23: 2239 | GU23: =GT23/GS23 -> 0.64641786 | GW23: 21 | GX23: domingo | GY23: 4064.6046 | GZ23: 2802.5 | HA23: =GZ23/GY23 -> 0.68948896 | HC23: 21 | HD23: quarta-feira | HE23: 2757.4024 | HF23: 1784 | HG23: =HF23/HE23 -> 0.64698572 | HI23: 21 | HJ23: sábado | HK23: 4778.5711 | HL23: 4992.01 | HM23: =HL23/HK23 -> 1.0446658 | HO23: 21 | HP23: sábado | HQ23: 4793.8711 | HR23: 3262.5 | HS23: =HR23/HQ23 -> 0.68055647 | HU23: 21 | HV23: terça-feira | HW23: 2676.4526 | HX23: 3196.5 | HY23: =HX23/HW23 -> 1.1943047 | IA23: 21 | IB23: quinta-feira | IC23: 2785.5702 | ID23: 1950.5 | IE23: =ID23/IC23 -> 0.7002157
A24: 22 | B24: quarta-feira | C24: 2300 | D24: 4146.5 | E24: =D24/C24 -> 1.8028261 | G24: 22 | H24: quarta-feira | I24: 3528.2075 | J24: 3062 | K24: =J24/I24 -> 0.86786279 | M24: 22 | N24: sábado | O24: 4968.2295 | P24: 4507 | Q24: =P24/O24 -> 0.90716421 | S24: 22 | T24: segunda-feira | U24: 2494.3833 | V24: 1309.5 | W24: =V24/U24 -> 0.52497945 | Y24: 22 | Z24: quinta-feira | AA24: 2559.5111 | AB24: 3537.5 | AC24: =AB24/AA24 -> 1.3820999 | AE24: 22 | AF24: sábado | AG24: 4238.4111 | AH24: 5675.02 | AI24: =AH24/AG24 -> 1.3389499 | AK24: 22 | AL24: terça-feira | AM24: 3417.1133 | AN24: 3308.01 | AO24: =AN24/AM24 -> 0.9680715 | AQ24: 22 | AR24: sexta-feira | AS24: 3514.6392 | AT24: 4058.5 | AU24: =AT24/AS24 -> 1.1547416 | AW24: 22 | AX24: domingo | AY24: 4746.3119 | AZ24: 5944 | BA24: =AZ24/AY24 -> 1.2523408 | BC24: 22 | BD24: quarta-feira | BE24: 3500.343 | BF24: 3232 | BG24: =BF24/BE24 -> 0.92333808 | BI24: 22 | BJ24: sexta-feira | BK24: 4128.831 | BL24: 3927 | BM24: =BL24/BK24 -> 0.95111667 | BO24: 22 | BP24: segunda-feira | BQ24: 3068.6928 | BR24: 3812.01 | BS24: =BR24/BQ24 -> 1.242226 | BU24: 22 | BV24: quinta-feira | BW24: 3978.4726 | BX24: 5258.01 | BY24: =BX24/BW24 -> 1.3216152 | CA24: 22 | CB24: sexta-feira | CC24: 4398.807 | CD24: 2485.05 | CE24: =CD24/CC24 -> 0.56493727 | CG24: 22 | CH24: segunda-feira | CI24: 3421.8469 | CJ24: 4340.04 | CK24: =CJ24/CI24 -> 1.2683326 | CM24: 22 | CN24: quarta-feira | CO24: 4042.7809 | CP24: 2339.07 | CQ24: =CP24/CO24 -> 0.57857947 | CS24: 22 | CT24: sábado | CU24: 5622.4805 | CV24: 4177.03 | CW24: =CV24/CU24 -> 0.74291587 | CY24: 22 | CZ24: segunda-feira | DA24: 2939.2712 | DB24: 2250.08 | DC24: =DB24/DA24 -> 0.7655231 | DE24: 22 | DF24: quinta-feira | DG24: 3410.6577 | DH24: 2935.13 | DI24: =DH24/DG24 -> 0.86057596 | DK24: 22 | DL24: domingo | DM24: 3817.0635 | DN24: 3346 | DO24: =DN24/DM24 -> 0.87659007 | DQ24: 22 | DR24: terça-feira | DS24: 3195.7761 | DT24: 3999.38 | DU24: =DT24/DS24 -> 1.2514581 | DW24: 22 | DX24: sexta-feira | DY24: 3392.4293 | DZ24: 3855.02 | EA24: =DZ24/DY24 -> 1.1363597 | EC24: 22 | ED24: domingo | EE24: 4361.2149 | EF24: 2270.5 | EG24: =EF24/EE24 -> 0.52061181 | EI24: 22 | EJ24: quarta-feira | EK24: 3307.1147 | EL24: 3561 | EM24: =EL24/EK24 -> 1.0767694 | EO24: 22 | EP24: sábado | EQ24: 4710.9641 | ER24: 5634.5 | ES24: =ER24/EQ24 -> 1.1960397 | EU24: 22 | EV24: sábado | EW24: 5238.8684 | EX24: 5398.77 | EY24: =EX24/EW24 -> 1.0305222 | FA24: 22 | FB24: terça-feira | FC24: 3878.677 | FD24: 2204.5 | FE24: =FD24/FC24 -> 0.5683639 | FG24: 22 | FH24: quinta-feira | FI24: 3926.0768 | FJ24: 2587.26 | FK24: =FJ24/FI24 -> 0.65899372 | FM24: 22 | FN24: domingo | FO24: 4213.6482 | FP24: 2497.59 | FQ24: =FP24/FO24 -> 0.59273815 | FS24: 22 | FT24: terça-feira | FU24: 2925.9639 | FV24: 2054.54 | FW24: =FV24/FU24 -> 0.70217544 | FY24: 22 | FZ24: sexta-feira | GA24: 3374.1856 | GB24: 2014 | GC24: =GB24/GA24 -> 0.59688478 | GE24: 22 | GF24: segunda-feira | GG24: 2544.1185 | GH24: 943.5 | GI24: =GH24/GG24 -> 0.37085537 | GK24: 22 | GL24: quarta-feira | GM24: 3098.3747 | GN24: 2055.5 | GO24: =GN24/GM24 -> 0.66341234 | GQ24: 22 | GR24: sábado | GS24: 4984.5623 | GT24: 2282.5 | GU24: =GT24/GS24 -> 0.45791383 | GW24: 22 | GX24: segunda-feira | GY24: 2356.8541 | GZ24: 2690.5 | HA24: =GZ24/GY24 -> 1.1415641 | HC24: 22 | HD24: quinta-feira | HE24: 3129.2094 | HF24: 4027.53 | HG24: =HF24/HE24 -> 1.2870759 | HI24: 22 | HJ24: domingo | HK24: 4579.572 | HL24: 2943.5 | HM24: =HL24/HK24 -> 0.64274565 | HO24: 22 | HP24: domingo | HQ24: 4694.9778 | HR24: 3460 | HS24: =HR24/HQ24 -> 0.7369577 | HU24: 22 | HV24: quarta-feira | HW24: 2951.8025 | HX24: 2064.5 | HY24: =HX24/HW24 -> 0.69940316 | IA24: 22 | IB24: sexta-feira | IC24: 2874.8783 | ID24: 2996 | IE24: =ID24/IC24 -> 1.0421311
A25: 23 | B25: quinta-feira | C25: 2900 | D25: 2418.5 | E25: =D25/C25 -> 0.83396552 | G25: 23 | H25: quinta-feira | I25: 2599.55 | J25: 2894.5 | K25: =J25/I25 -> 1.1134619 | M25: 23 | N25: domingo | O25: 4495.4793 | P25: 3237.5 | Q25: =P25/O25 -> 0.72016793 | S25: 23 | T25: terça-feira | U25: 3175.47 | V25: 2044.5 | W25: =V25/U25 -> 0.6438417 | Y25: 23 | Z25: sexta-feira | AA25: 3615.6194 | AB25: 3413.5 | AC25: =AB25/AA25 -> 0.94409825 | AE25: 23 | AF25: domingo | AG25: 3814.7821 | AH25: 6820 | AI25: =AH25/AG25 -> 1.7877823 | AK25: 23 | AL25: quarta-feira | AM25: 3259.2753 | AN25: 3837.04 | AO25: =AN25/AM25 -> 1.1772678 | AQ25: 23 | AR25: sábado | AS25: 4983.3081 | AT25: 5241 | AU25: =AT25/AS25 -> 1.051711 | AW25: 23 | AX25: segunda-feira | AY25: 2984.1708 | AZ25: 2368.5 | BA25: =AZ25/AY25 -> 0.7936878 | BC25: 23 | BD25: quinta-feira | BE25: 3575.8307 | BF25: 2389.51 | BG25: =BF25/BE25 -> 0.66823913 | BI25: 23 | BJ25: sábado | BK25: 5319.0418 | BL25: 2734.5 | BM25: =BL25/BK25 -> 0.51409636 | BO25: 23 | BP25: terça-feira | BQ25: 3384.925 | BR25: 4180 | BS25: =BR25/BQ25 -> 1.234887 | BU25: 23 | BV25: sexta-feira | BW25: 4231.4641 | BX25: 6791.08 | BY25: =BX25/BW25 -> 1.6049008 | CA25: 23 | CB25: sábado | CC25: 5912.077 | CD25: 5373.52 | CE25: =CD25/CC25 -> 0.90890561 | CG25: 23 | CH25: terça-feira | CI25: 3787.9865 | CJ25: 4233.52 | CK25: =CJ25/CI25 -> 1.1176175 | CM25: 23 | CN25: quinta-feira | CO25: 4144.624 | CP25: 2740.55 | CQ25: =CP25/CO25 -> 0.66123007 | CS25: 23 | CT25: domingo | CU25: 5211.9011 | CV25: 5134.57 | CW25: =CV25/CU25 -> 0.9851626 | CY25: 23 | CZ25: terça-feira | DA25: 3688.5249 | DB25: 2718.09 | DC25: =DB25/DA25 -> 0.73690435 | DE25: 23 | DF25: sexta-feira | DG25: 3693.5211 | DH25: 2231.05 | DI25: =DH25/DG25 -> 0.6040442 | DK25: 23 | DL25: segunda-feira | DM25: 2758.3412 | DN25: 2559.01 | DO25: =DN25/DM25 -> 0.92773511 | DQ25: 23 | DR25: quarta-feira | DS25: 3018.0552 | DT25: 1713.06 | DU25: =DT25/DS25 -> 0.56760392 | DW25: 23 | DX25: sábado | DY25: 4387.43 | DZ25: 6697.26 | EA25: =DZ25/DY25 -> 1.5264654 | EC25: 23 | ED25: segunda-feira | EE25: 3478.477 | EF25: 2607.75 | EG25: =EF25/EE25 -> 0.74968155 | EI25: 23 | EJ25: quinta-feira | EK25: 3270.1531 | EL25: 3948.5 | EM25: =EL25/EK25 -> 1.2074358 | EO25: 23 | EP25: domingo | EQ25: 4203.3225 | ER25: 4964.25 | ES25: =ER25/EQ25 -> 1.18103 | EU25: 23 | EV25: domingo | EW25: 4690.301 | EX25: 4646.25 | EY25: =EX25/EW25 -> 0.99060807 | FA25: 23 | FB25: quarta-feira | FC25: 3929.0711 | FD25: 2588.51 | FE25: =FD25/FC25 -> 0.65880966 | FG25: 23 | FH25: sexta-feira | FI25: 4211.0293 | FJ25: 3058.25 | FK25: =FJ25/FI25 -> 0.72624762 | FM25: 23 | FN25: segunda-feira | FO25: 3046.4022 | FP25: 1438 | FQ25: =FP25/FO25 -> 0.47203222 | FS25: 23 | FT25: quarta-feira | FU25: 3453.1279 | FV25: 2148.03 | FW25: =FV25/FU25 -> 0.62205341 | FY25: 23 | FZ25: sábado | GA25: 4768.5024 | GB25: 3132.9 | GC25: =GB25/GA25 -> 0.65699872 | GE25: 23 | GF25: terça-feira | GG25: 2506.3233 | GH25: 1312.52 | GI25: =GH25/GG25 -> 0.52368344 | GK25: 23 | GL25: quinta-feira | GM25: 3151.4242 | GN25: 1910.5 | GO25: =GN25/GM25 -> 0.60623385 | GQ25: 23 | GR25: domingo | GS25: 4423.4333 | GT25: 2556.5 | GU25: =GT25/GS25 -> 0.57794473 | GW25: 23 | GX25: terça-feira | GY25: 2287.0304 | GZ25: 1277.02 | HA25: =GZ25/GY25 -> 0.55837474 | HC25: 23 | HD25: sexta-feira | HE25: 2824.9616 | HF25: 3482 | HG25: =HF25/HE25 -> 1.2325831 | HI25: 23 | HJ25: segunda-feira | HK25: 2688.7593 | HL25: 1943 | HM25: =HL25/HK25 -> 0.72263814 | HO25: 23 | HP25: segunda-feira | HQ25: 2600.9631 | HR25: 1080 | HS25: =HR25/HQ25 -> 0.4152308 | HU25: 23 | HV25: quinta-feira | HW25: 2871.1989 | HX25: 3013.5 | HY25: =HX25/HW25 -> 1.0495616 | IA25: 23 | IB25: sábado | IC25: 4633.3495 | ID25: 3912 | IE25: =ID25/IC25 -> 0.84431361
A26: 24 | B26: sexta-feira | C26: 3200 | D26: 3142 | E26: =D26/C26 -> 0.981875 | G26: 24 | H26: sexta-feira | I26: 3555.4125 | J26: 2850 | K26: =J26/I26 -> 0.80159475 | M26: 24 | N26: segunda-feira | O26: 2733.978 | P26: 1653 | Q26: =P26/O26 -> 0.6046135 | S26: 24 | T26: quarta-feira | U26: 3056.8185 | V26: 2214 | W26: =V26/U26 -> 0.72428246 | Y26: 24 | Z26: sábado | AA26: 4056.9528 | AB26: 4097.51 | AC26: =AB26/AA26 -> 1.009997 | AE26: 24 | AF26: segunda-feira | AG26: 2577.6316 | AH26: 4827 | AI26: =AH26/AG26 -> 1.8726493 | AK26: 24 | AL26: quinta-feira | AM26: 2961.4519 | AN26: 3837.04 | AO26: =AN26/AM26 -> 1.2956618 | AQ26: 24 | AR26: domingo | AS26: 4829.4395 | AT26: 3710.5 | AU26: =AT26/AS26 -> 0.76830863 | AW26: 24 | AX26: terça-feira | AY26: 3688.7947 | AZ26: 2282 | BA26: =AZ26/AY26 -> 0.61863025 | BC26: 24 | BD26: sexta-feira | BE26: 4199.4378 | BF26: 3746.5 | BG26: =BF26/BE26 -> 0.89214322 | BI26: 24 | BJ26: domingo | BK26: 0 | BL26: 0 | BO26: 24 | BP26: quarta-feira | BQ26: 3756.9044 | BR26: 4146.5 | BS26: =BR26/BQ26 -> 1.1037012 | BU26: 24 | BV26: sábado | BW26: 5459.1366 | BX26: 8037.5 | BY26: =BX26/BW26 -> 1.4723024 | CA26: 24 | CB26: domingo | CC26: 6068.5452 | CD26: 4384 | CE26: =CD26/CC26 -> 0.72241367 | CG26: 24 | CH26: quarta-feira | CI26: 4146.7939 | CJ26: 2946.53 | CK26: =CJ26/CI26 -> 0.71055617 | CM26: 24 | CN26: sexta-feira | CO26: 4759.3194 | CP26: 1891.01 | CQ26: =CP26/CO26 -> 0.39732782 | CS26: 24 | CT26: segunda-feira | CU26: 3035.46 | CV26: 1687.05 | CW26: =CV26/CU26 -> 0.55578067 | CY26: 24 | CZ26: quarta-feira | DA26: 3391.5486 | DB26: 3490.5 | DC26: =DB26/DA26 -> 1.0291759 | DE26: 24 | DF26: sábado | DG26: 4876.4236 | DH26: 3168.51 | DI26: =DH26/DG26 -> 0.64976103 | DK26: 24 | DL26: terça-feira | DM26: 3483.7085 | DN26: 2304.51 | DO26: =DN26/DM26 -> 0.66151056 | DQ26: 24 | DR26: quinta-feira | DS26: 2876.6968 | DT26: 2836.53 | DU26: =DT26/DS26 -> 0.98603718 | DW26: 24 | DX26: domingo | DY26: 4007.9167 | DZ26: 5108.8 | EA26: =DZ26/DY26 -> 1.2746772 | EC26: 24 | ED26: terça-feira | EF26: 0 | EI26: 24 | EJ26: sexta-feira | EK26: 3395.1738 | EL26: 6062.25 | EM26: =EL26/EK26 -> 1.7855492 | EO26: 24 | EP26: segunda-feira | EQ26: 3410.9596 | ER26: 2615.5 | ES26: =ER26/EQ26 -> 0.76679301 | EU26: 24 | EV26: segunda-feira | EW26: 3506.3663 | EX26: 2315.75 | EY26: =EX26/EW26 -> 0.66044154 | FA26: 24 | FB26: quinta-feira | FC26: 3926.0768 | FD26: 1523.75 | FE26: =FD26/FC26 -> 0.38811008 | FG26: 24 | FH26: sábado | FI26: 5462.333 | FJ26: 5817.01 | FK26: =FJ26/FI26 -> 1.0649314 | FM26: 24 | FN26: terça-feira | FO26: 3196.462 | FP26: 1397.52 | FQ26: =FP26/FO26 -> 0.43720838 | FS26: 24 | FT26: quinta-feira | FU26: 3309.5277 | FV26: 3636.1 | FW26: =FV26/FU26 -> 1.0986764 | FY26: 24 | FZ26: domingo | GA26: 4265.0085 | GB26: 1980 | GC26: =GB26/GA26 -> 0.46424292 | GE26: 24 | GF26: quarta-feira | GG26: 3098.3747 | GH26: 2002.04 | GI26: =GH26/GG26 -> 0.64615813 | GK26: 24 | GL26: sexta-feira | GM26: 3011.9163 | GN26: 2070.75 | GO26: =GN26/GM26 -> 0.68751909 | GQ26: 24 | GR26: segunda-feira | GS26: 2925.7362 | GT26: 1871 | GU26: =GT26/GS26 -> 0.63949716 | GW26: 24 | GX26: quarta-feira | GY26: 0 | GZ26: 0 | HC26: 24 | HD26: sábado | HE26: 3969.1895 | HF26: 6372 | HG26: =HF26/HE26 -> 1.6053655 | HI26: 24 | HJ26: terça-feira | HK26: 2784.4127 | HL26: 2723.5 | HM26: =HL26/HK26 -> 0.97812367 | HO26: 24 | HP26: terça-feira | HQ26: 2691.1035 | HR26: 2301 | HS26: =HR26/HQ26 -> 0.85503959 | HU26: 24 | HV26: sexta-feira | HW26: 2948.2952 | HX26: 2211 | HY26: =HX26/HW26 -> 0.74992491 | IA26: 24 | IB26: domingo | IC26: 4467.7141 | ID26: 3848 | IE26: =ID26/IC26 -> 0.86129057
A27: 25 | B27: sábado | C27: 5300 | D27: 4052.5 | E27: =D27/C27 -> 0.76462264 | G27: 25 | H27: sábado | I27: 4996.1625 | J27: 3524.5 | K27: =J27/I27 -> 0.70544143 | M27: 25 | N27: terça-feira | O27: 3465.2332 | P27: 2390 | Q27: =P27/O27 -> 0.68970827 | S27: 25 | T27: quinta-feira | U27: 2628.8231 | V27: 2214 | W27: =V27/U27 -> 0.84220198 | Y27: 25 | Z27: domingo | AA27: 3689.7124 | AB27: 4193.5 | AC27: =AB27/AA27 -> 1.1365385 | AE27: 25 | AF27: terça-feira | AG27: 3323.8687 | AH27: 6342.01 | AI27: =AH27/AG27 -> 1.9080206 | AK27: 25 | AL27: sexta-feira | AM27: 3615.0324 | AN27: 3264.02 | AO27: =AN27/AM27 -> 0.902902 | AQ27: 25 | AR27: segunda-feira | AS27: 3049.5239 | AT27: 2475.5 | AU27: =AT27/AS27 -> 0.81176606 | AW27: 25 | AX27: quarta-feira | AY27: 3620.8486 | AZ27: 2955 | BA27: =AZ27/AY27 -> 0.81610704 | BC27: 25 | BD27: sábado | BE27: 5580.9552 | BF27: 5092.5 | BG27: =BF27/BE27 -> 0.91247822 | BI27: 25 | BJ27: segunda-feira | BK27: 3108.0549 | BL27: 2313 | BM27: =BL27/BK27 -> 0.74419535 | BO27: 25 | BP27: quinta-feira | BQ27: 3789.0215 | BR27: 4785.02 | BS27: =BR27/BQ27 -> 1.2628643 | BU27: 25 | BV27: domingo | BW27: 5569.6858 | BX27: 10609.51 | BY27: =BX27/BW27 -> 1.9048669 | CA27: 25 | CB27: segunda-feira | CC27: 3258.9018 | CD27: 3259.51 | CE27: =CD27/CC27 -> 1.0001866 | CG27: 25 | CH27: quinta-feira | CI27: 4164.5249 | CJ27: 2552.55 | CK27: =CJ27/CI27 -> 0.61292706 | CM27: 25 | CN27: sábado | CO27: 6903.4878 | CP27: 3675.05 | CQ27: =CP27/CO27 -> 0.53234685 | CS27: 25 | CT27: terça-feira | CU27: 3778.056 | CV27: 3827.66 | CW27: =CV27/CU27 -> 1.0131295 | CY27: 25 | CZ27: quinta-feira | DA27: 3390.7397 | DB27: 3646.03 | DC27: =DB27/DA27 -> 1.0752904 | DE27: 25 | DF27: domingo | DG27: 4499.2023 | DH27: 3691.09 | DI27: =DH27/DG27 -> 0.82038765 | DK27: 25 | DL27: quarta-feira | DM27: 3244.3614 | DN27: 2470.5 | DO27: =DN27/DM27 -> 0.76147496 | DQ27: 25 | DR27: sexta-feira | DS27: 2817.0883 | DT27: 2337.5 | DU27: =DT27/DS27 -> 0.82975744 | DW27: 25 | DX27: segunda-feira | DY27: 2896.2583 | DZ27: 3022.25 | EA27: =DZ27/DY27 -> 1.0435015 | EC27: 25 | ED27: quarta-feira | EE27: 3820.8323 | EF27: 1349.75 | EG27: =EF27/EE27 -> 0.35326073 | EI27: 25 | EJ27: sábado | EK27: 4193.8886 | EL27: 6062.25 | EM27: =EL27/EK27 -> 1.4454962 | EO27: 25 | EP27: terça-feira | EQ27: 3824.392 | ER27: 3972.76 | ES27: =ER27/EQ27 -> 1.0387952 | EU27: 25 | EV27: terça-feira | EW27: 3947.5553 | EX27: 2303.25 | EY27: =EX27/EW27 -> 0.58346237 | FA27: 25 | FB27: sexta-feira | FC27: 4211.0293 | FD27: 3375.5 | FE27: =FD27/FC27 -> 0.80158549 | FG27: 25 | FH27: domingo | FI27: 5046.1205 | FJ27: 4526 | FK27: =FJ27/FI27 -> 0.89692665 | FM27: 25 | FN27: quarta-feira | FO27: 3456.0407 | FP27: 2021.76 | FQ27: =FP27/FO27 -> 0.58499311 | FS27: 25 | FT27: sexta-feira | FU27: 3432.8398 | FV27: 1866.5 | FW27: =FV27/FU27 -> 0.54371893 | FY27: 25 | FZ27: segunda-feira | GA27: 2733.3045 | GB27: 1707.51 | GC27: =GB27/GA27 -> 0.62470537 | GE27: 25 | GF27: quinta-feira | GG27: 3151.4242 | GH27: 2439 | GI27: =GH27/GG27 -> 0.7739358 | GK27: 25 | GL27: sábado | GM27: 4334.402 | GN27: 4417.25 | GO27: =GN27/GM27 -> 1.0191141 | GQ27: 25 | GR27: terça-feira | GS27: 2882.2718 | GT27: 1636 | GU27: =GT27/GS27 -> 0.56760782 | GW27: 25 | GX27: quinta-feira | GY27: 3129.2094 | GZ27: 941.02 | HA27: =GZ27/GY27 -> 0.30072132 | HC27: 25 | HD27: domingo | HE27: 4064.6046 | HF27: 5614.5 | HG27: =HF27/HE27 -> 1.3813152 | HI27: 25 | HJ27: quarta-feira | HK27: 3123.952 | HL27: 2723.5 | HM27: =HL27/HK27 -> 0.87181237 | HO27: 25 | HP27: quarta-feira | HQ27: 3000.2225 | HR27: 2330.5 | HS27: =HR27/HQ27 -> 0.77677572 | HU27: 25 | HV27: sábado | HW27: 4705.97 | HX27: 2959.51 | HY27: =HX27/HW27 -> 0.62888416 | IA27: 25 | IB27: segunda-feira | IC27: 2465.1209 | ID27: 3036.5 | IE27: =ID27/IC27 -> 1.2317854
A28: 26 | B28: domingo | C28: 3500 | D28: 4736 | E28: =D28/C28 -> 1.3531429 | G28: 26 | H28: domingo | I28: 4734.9025 | J28: 2552.5 | K28: =J28/I28 -> 0.53908185 | M28: 26 | N28: quarta-feira | O28: 3505.1051 | P28: 2691 | Q28: =P28/O28 -> 0.76773733 | S28: 26 | T28: sexta-feira | U28: 4033.7808 | V28: 2192.5 | W28: =V28/U28 -> 0.54353474 | Y28: 26 | Z28: segunda-feira | AA28: 2557.5375 | AB28: 2713.5 | AC28: =AB28/AA28 -> 1.0609815 | AE28: 26 | AF28: quarta-feira | AG28: 3100.4055 | AH28: 5435 | AI28: =AH28/AG28 -> 1.7529965 | AK28: 26 | AL28: sábado | AM28: 4370.5494 | AN28: 4555.02 | AO28: =AN28/AM28 -> 1.0422076 | AQ28: 26 | AR28: terça-feira | AS28: 3489.2348 | AT28: 3361.5 | AU28: =AT28/AS28 -> 0.96339174 | AW28: 26 | AX28: quinta-feira | AY28: 3535.0242 | AZ28: 2615 | BA28: =AZ28/AY28 -> 0.73974034 | BC28: 26 | BD28: domingo | BE28: 5140.1684 | BF28: 4474 | BG28: =BF28/BE28 -> 0.8703995 | BI28: 26 | BJ28: terça-feira | BK28: 3435.8945 | BL28: 3151.51 | BM28: =BL28/BK28 -> 0.91723131 | BO28: 26 | BP28: sexta-feira | BQ28: 4029.9658 | BR28: 5060.5 | BS28: =BR28/BQ28 -> 1.2557178 | BU28: 26 | BV28: segunda-feira | BW28: 3222.1275 | BX28: 5501.53 | BY28: =BX28/BW28 -> 1.7074216 | CA28: 26 | CB28: terça-feira | CC28: 3607.6061 | CD28: 3560.5 | CE28: =CD28/CC28 -> 0.98694255 | CG28: 26 | CH28: sexta-feira | CI28: 4618.7473 | CJ28: 3727.06 | CK28: =CJ28/CI28 -> 0.80694174 | CM28: 26 | CN28: domingo | CO28: 6423.7719 | CP28: 2337.51 | CQ28: =CP28/CO28 -> 0.36388434 | CS28: 26 | CT28: quarta-feira | CU28: 3423.9315 | CV28: 3091.06 | CW28: =CV28/CU28 -> 0.90278091 | CY28: 26 | CZ28: sexta-feira | DA28: 3831.459 | DB28: 2198.1 | DC28: =DB28/DA28 -> 0.57369791 | DE28: 26 | DF28: segunda-feira | DG28: 2899.715 | DH28: 2664.13 | DI28: =DH28/DG28 -> 0.91875581 | DK28: 26 | DL28: quinta-feira | DM28: 3168.1678 | DN28: 2039.5 | DO28: =DN28/DM28 -> 0.64374748 | DQ28: 26 | DR28: sábado | DS28: 3631.1612 | DT28: 3618.5 | DU28: =DT28/DS28 -> 0.99651318 | DW28: 26 | DX28: terça-feira | DY28: 3657.894 | DZ28: 2917.27 | EA28: =DZ28/DY28 -> 0.79752722 | EC28: 26 | ED28: quinta-feira | EE28: 3738.5755 | EF28: 2033.5 | EG28: =EF28/EE28 -> 0.54392374 | EI28: 26 | EJ28: domingo | EK28: 3751.0971 | EL28: 5242.77 | EM28: =EL28/EK28 -> 1.3976631 | EO28: 26 | EP28: quarta-feira | EQ28: 3598.8594 | ER28: 3786.25 | ES28: =ER28/EQ28 -> 1.0520694 | EU28: 26 | EV28: quarta-feira | EW28: 3815.6826 | EX28: 3328.25 | EY28: =EX28/EW28 -> 0.87225546 | FA28: 26 | FB28: sábado | FC28: 5462.333 | FD28: 4911 | FE28: =FD28/FC28 -> 0.89906638 | FG28: 26 | FH28: segunda-feira | FI28: 3488.6018 | FJ28: 2601.76 | FK28: =FJ28/FI28 -> 0.74578876 | FM28: 26 | FN28: quinta-feira | FO28: 3327.217 | FP28: 1648.5 | FQ28: =FP28/FO28 -> 0.49545912 | FS28: 26 | FT28: sábado | FU28: 4957.4453 | FV28: 2461.5 | FW28: =FV28/FU28 -> 0.4965259 | FY28: 26 | FZ28: terça-feira | GA28: 2712.6178 | GB28: 2295 | GC28: =GB28/GA28 -> 0.84604621 | GE28: 26 | GF28: sexta-feira | GG28: 3011.9163 | GH28: 2878.92 | GI28: =GH28/GG28 -> 0.95584328 | GK28: 26 | GL28: domingo | GM28: 3846.4638 | GN28: 2996.41 | GO28: =GN28/GM28 -> 0.77900383 | GQ28: 26 | GR28: quarta-feira | GS28: 3563.1309 | GT28: 2386 | GU28: =GT28/GS28 -> 0.6696358 | GW28: 26 | GX28: sexta-feira | GY28: 2824.9616 | GZ28: 1994.01 | HA28: =GZ28/GY28 -> 0.70585385 | HC28: 26 | HD28: segunda-feira | HE28: 2356.8541 | HF28: 1805 | HG28: =HF28/HE28 -> 0.7658514 | HI28: 26 | HJ28: quinta-feira | HK28: 3353.4495 | HL28: 2439.5 | HM28: =HL28/HK28 -> 0.72745988 | HO28: 26 | HP28: quinta-feira | HQ28: 3049.4403 | HR28: 1821.5 | HS28: =HR28/HQ28 -> 0.59732273 | HU28: 26 | HV28: domingo | HW28: 4690.8556 | HX28: 3206 | HY28: =HX28/HW28 -> 0.68345741 | IA28: 26 | IB28: terça-feira | IC28: 2649.5639 | ID28: 1590.5 | IE28: =ID28/IC28 -> 0.60028746
A29: 27 | B29: segunda-feira | C29: 1800 | D29: 2425.5 | E29: =D29/C29 -> 1.3475 | G29: 27 | H29: segunda-feira | I29: 3140.65 | J29: 2552.5 | K29: =J29/I29 -> 0.81272985 | M29: 27 | N29: quinta-feira | O29: 2738.7476 | P29: 2403.5 | Q29: =P29/O29 -> 0.87759092 | S29: 27 | T29: sábado | U29: 4690.0885 | V29: 4254.5 | W29: =V29/U29 -> 0.90712575 | Y29: 27 | Z29: terça-feira | AA29: 3393.5087 | AB29: 3506 | AC29: =AB29/AA29 -> 1.0331489 | AE29: 27 | AF29: quinta-feira | AG29: 2743.6835 | AH29: 4686 | AI29: =AH29/AG29 -> 1.7079229 | AK29: 27 | AL29: domingo | AM29: 4138.3611 | AN29: 4701.5 | AO29: =AN29/AM29 -> 1.1360778 | AQ29: 27 | AR29: quarta-feira | AS29: 3715.9557 | AT29: 3391 | AU29: =AT29/AS29 -> 0.91255126 | AW29: 27 | AX29: sexta-feira | AY29: 3996.5601 | AZ29: 2452 | BA29: =AZ29/AY29 -> 0.61352762 | BC29: 27 | BD29: segunda-feira | BE29: 2913.2751 | BF29: 2362.5 | BG29: =BF29/BE29 -> 0.81094299 | BI29: 27 | BJ29: quarta-feira | BK29: 3839.4968 | BL29: 3852.5 | BM29: =BL29/BK29 -> 1.0033867 | BO29: 27 | BP29: sábado | BQ29: 5199.1777 | BR29: 7409.01 | BS29: =BR29/BQ29 -> 1.425035 | BU29: 27 | BV29: terça-feira | BW29: 3554.1712 | BX29: 6711.53 | BY29: =BX29/BW29 -> 1.888353 | CA29: 27 | CB29: quarta-feira | CC29: 3949.3276 | CD29: 3606.51 | CE29: =CD29/CC29 -> 0.91319597 | CG29: 27 | CH29: sábado | CI29: 6207.6809 | CJ29: 5224.52 | CK29: =CJ29/CI29 -> 0.84162187 | CM29: 27 | CN29: segunda-feira | CO29: 3518.0441 | CP29: 1731.01 | CQ29: =CP29/CO29 -> 0.49203761 | CS29: 27 | CT29: quinta-feira | CU29: 3452.2635 | CV29: 3403.54 | CW29: =CV29/CU29 -> 0.98588651 | CY29: 27 | CZ29: sábado | DA29: 5263.6137 | DB29: 3770.53 | DC29: =DB29/DA29 -> 0.71633866 | DE29: 27 | DF29: terça-feira | DG29: 3652.4062 | DH29: 3321.55 | DI29: =DH29/DG29 -> 0.90941419 | DK29: 27 | DL29: sexta-feira | DM29: 3230.8851 | DN29: 2572.02 | DO29: =DN29/DM29 -> 0.79607288 | DQ29: 27 | DR29: domingo | DS29: 3162.9469 | DT29: 4389.5 | DU29: =DT29/DS29 -> 1.3877881 | DW29: 27 | DX29: quarta-feira | DY29: 3406.5795 | DZ29: 3455.25 | EA29: =DZ29/DY29 -> 1.0142872 | EC29: 27 | ED29: sexta-feira | EE29: 3996.9577 | EF29: 1796.75 | EG29: =EF29/EE29 -> 0.4495294 | EI29: 27 | EJ29: segunda-feira | EK29: 3161.8064 | EL29: 3328 | EM29: =EL29/EK29 -> 1.0525628 | EO29: 27 | EP29: quinta-feira | EQ29: 3504.972 | ER29: 2676.76 | ES29: =ER29/EQ29 -> 0.76370368 | EU29: 27 | EV29: quinta-feira | EW29: 3699.3393 | EX29: 3336.29 | EY29: =EX29/EW29 -> 0.90186103 | FA29: 27 | FB29: domingo | FC29: 5046.1205 | FD29: 2492.02 | FE29: =FD29/FC29 -> 0.49384869 | FG29: 27 | FH29: terça-feira | FI29: 3878.677 | FJ29: 2284.83 | FK29: =FJ29/FI29 -> 0.58907457 | FM29: 27 | FN29: sexta-feira | FO29: 3504.4684 | FP29: 2261.53 | FQ29: =FP29/FO29 -> 0.64532754 | FS29: 27 | FT29: domingo | FU29: 4348.3931 | FV29: 3170.15 | FW29: =FV29/FU29 -> 0.72903943 | FY29: 27 | FZ29: quarta-feira | GA29: 3303.2954 | GB29: 3937.5 | GC29: =GB29/GA29 -> 1.1919915 | GE29: 27 | GF29: sábado | GG29: 4334.402 | GH29: 3228.5 | GI29: =GH29/GG29 -> 0.74485478 | GK29: 27 | GL29: segunda-feira | GM29: 2544.1185 | GN29: 1874.5 | GO29: =GN29/GM29 -> 0.73679745 | GQ29: 27 | GR29: quinta-feira | GS29: 3624.1378 | GT29: 3025.52 | GU29: =GT29/GS29 -> 0.83482477 | GW29: 27 | GX29: sábado | GY29: 3969.1895 | GZ29: 2806.51 | HA29: =GZ29/GY29 -> 0.70707382 | HC29: 27 | HD29: terça-feira | HE29: 2287.0304 | HF29: 2564 | HG29: =HF29/HE29 -> 1.1211045 | HI29: 27 | HJ29: sexta-feira | HK29: 3092.8637 | HL29: 2766.01 | HM29: =HL29/HK29 -> 0.89432005 | HO29: 27 | HP29: sexta-feira | HQ29: 3011.866 | HR29: 2128 | HS29: =HR29/HQ29 -> 0.70653874 | HU29: 27 | HV29: segunda-feira | HW29: 2460.2421 | HX29: 1975 | HY29: =HX29/HW29 -> 0.80276652 | IA29: 27 | IB29: quarta-feira | IC29: 2953.7709 | ID29: 3014.5 | IE29: =ID29/IC29 -> 1.0205599
A30: 28 | B30: terça-feira | C30: 2000 | D30: 4354 | E30: =D30/C30 -> 2.177 | G30: 28 | H30: terça-feira | I30: 3785.785 | J30: 2440.5 | K30: =J30/I30 -> 0.64464834 | M30: 28 | N30: sexta-feira | O30: 3468.6145 | P30: 3068 | Q30: =P30/O30 -> 0.88450302 | S30: 28 | T30: domingo | U30: 4046.2392 | V30: 2231 | W30: =V30/U30 -> 0.5513762 | Y30: 28 | Z30: quarta-feira | AA30: 3016.2435 | AB30: 3397 | AC30: =AB30/AA30 -> 1.1262353 | AE30: 28 | AF30: sexta-feira | AG30: 3548.4476 | AH30: 4838.01 | AI30: =AH30/AG30 -> 1.3634159 | AK30: 28 | AL30: segunda-feira | AM30: 2705.1018 | AN30: 3324 | AO30: =AN30/AM30 -> 1.2287893 | AQ30: 28 | AR30: quinta-feira | AS30: 3620.9767 | AT30: 2520.05 | AU30: =AT30/AS30 -> 0.69595863 | AW30: 28 | AX30: sábado | AY30: 5060.518 | AZ30: 4101.5 | BA30: =AZ30/AY30 -> 0.81049015 | BC30: 28 | BD30: terça-feira | BE30: 3379.7708 | BF30: 2935.53 | BG30: =BF30/BE30 -> 0.86855891 | BI30: 28 | BJ30: quinta-feira | BK30: 3758.8244 | BL30: 4043 | BM30: =BL30/BK30 -> 1.0756023 | BO30: 28 | BP30: domingo | BQ30: 5304.4627 | BR30: 8351 | BS30: =BR30/BQ30 -> 1.5743348 | BU30: 28 | BV30: quarta-feira | BW30: 3944.7497 | BX30: 7669.51 | BY30: =BX30/BW30 -> 1.9442324 | CA30: 28 | CB30: quinta-feira | CC30: 3966.2142 | CD30: 3487.53 | CE30: =CD30/CC30 -> 0.87930955 | CG30: 28 | CH30: domingo | CI30: 6371.9725 | CJ30: 4299.09 | CK30: =CJ30/CI30 -> 0.67468747 | CM30: 28 | CN30: terça-feira | CO30: 4420.4126 | CP30: 3429.01 | CQ30: =CP30/CO30 -> 0.77572171 | CS30: 28 | CT30: sexta-feira | CU30: 3827.424 | CV30: 4879.5 | CW30: =CV30/CU30 -> 1.2748784 | CY30: 28 | CZ30: domingo | DA30: 4936.9069 | DB30: 2330.57 | DC30: =DB30/DA30 -> 0.47207088 | DE30: 28 | DF30: quarta-feira | DG30: 3405.9401 | DH30: 2664.13 | DI30: =DH30/DG30 -> 0.78220107 | DK30: 28 | DL30: sábado | DM30: 4178.5047 | DN30: 4090.01 | DO30: =DN30/DM30 -> 0.97882143 | DQ30: 28 | DR30: segunda-feira | DS30: 2653.7599 | DT30: 3520.01 | DU30: =DT30/DS30 -> 1.3264237 | DW30: 28 | DX30: quinta-feira | DY30: 3326.5761 | DZ30: 5585.51 | EA30: =DZ30/DY30 -> 1.6790567 | EC30: 28 | ED30: sábado | EE30: 4853.7378 | EF30: 2694 | EG30: =EF30/EE30 -> 0.55503616 | EI30: 28 | EJ30: terça-feira | EK30: 3526.9525 | EL30: 4182 | EM30: =EL30/EK30 -> 1.1857262 | EO30: 28 | EP30: sexta-feira | EQ30: 3756.4927 | ER30: 3058.57 | ES30: =ER30/EQ30 -> 0.81420896 | EU30: 28 | EV30: sexta-feira | EW30: 4094.8638 | EX30: 2654.51 | EY30: =EX30/EW30 -> 0.64825355 | FA30: 28 | FB30: segunda-feira | FC30: 3488.6018 | FD30: 3103.76 | FE30: =FD30/FC30 -> 0.88968596 | FG30: 28 | FH30: quarta-feira | FI30: 3929.0711 | FJ30: 2608.02 | FK30: =FJ30/FI30 -> 0.66377521 | FM30: 28 | FN30: sábado | FO30: 4887.0415 | FP30: 2964.55 | FQ30: =FP30/FO30 -> 0.60661445 | FS30: 28 | FT30: segunda-feira | FU30: 2816.6947 | FV30: 1445.76 | FW30: =FV30/FU30 -> 0.51328247 | FY30: 28 | FZ30: quinta-feira | GA30: 3318.9416 | GB30: 2547 | GC30: =GB30/GA30 -> 0.76741333 | GE30: 28 | GF30: domingo | GG30: 3846.4638 | GH30: 3071 | GI30: =GH30/GG30 -> 0.79839566 | GK30: 28 | GL30: terça-feira | GM30: 2506.3233 | GN30: 835 | GO30: =GN30/GM30 -> 0.33315734 | GQ30: 28 | GR30: sexta-feira | GS30: 3463.7038 | GT30: 3165.5 | GU30: =GT30/GS30 -> 0.91390609 | GW30: 28 | GX30: domingo | GY30: 4064.6046 | GZ30: 3695.5 | HA30: =GZ30/GY30 -> 0.90919052 | HC30: 28 | HD30: quarta-feira | HE30: 2757.4024 | HF30: 4048.5 | HG30: =HF30/HE30 -> 1.4682296 | HI30: 28 | HJ30: sábado | HK30: 4778.5711 | HL30: 3975.5 | HM30: =HL30/HK30 -> 0.83194325 | HO30: 28 | HP30: sábado | HQ30: 4793.8711 | HR30: 3662 | HS30: =HR30/HQ30 -> 0.76389205 | HU30: 28 | HV30: terça-feira | HW30: 2676.4526 | HX30: 2608.52 | HY30: =HX30/HW30 -> 0.97461841 | IA30: 28 | IB30: quinta-feira | IC30: 2785.5702 | ID30: 2225 | IE30: =ID30/IC30 -> 0.79875926
A31: Total | C31: =SUM(C3:C30) -> 87700 | D31: =SUM(D3:D30) -> 105362.68 | E31: =D31/C31 -> 1.2013989 | G31: 29 | H31: quarta-feira | I31: 3528.2075 | J31: 2898.31 | K31: =J31/I31 -> 0.82146813 | M31: 29 | N31: sábado | O31: 4968.2295 | P31: 3659 | Q31: =P31/O31 -> 0.73647967 | S31: 29 | T31: segunda-feira | U31: 2494.3833 | V31: 2854.5 | W31: =V31/U31 -> 1.144371 | Y31: 29 | Z31: quinta-feira | AA31: 2559.5111 | AB31: 2585.51 | AC31: =AB31/AA31 -> 1.0101578 | AE31: 29 | AF31: sábado | AG31: 4238.4111 | AH31: 8039.52 | AI31: =AH31/AG31 -> 1.896824 | AK31: 29 | AL31: terça-feira | AM31: 3417.1133 | AN31: 2423.5 | AO31: =AN31/AM31 -> 0.70922436 | AQ31: 29 | AR31: sexta-feira | AS31: 3514.6392 | AT31: 7849.5 | AU31: =AT31/AS31 -> 2.2333729 | AW31: 29 | AX31: domingo | AY31: 4746.3119 | AZ31: 5724 | BA31: =AZ31/AY31 -> 1.205989 | BC31: 29 | BD31: quarta-feira | BE31: 3500.343 | BF31: 2625 | BG31: =BF31/BE31 -> 0.74992651 | BI31: 29 | BJ31: sexta-feira | BK31: 4128.831 | BL31: 2591.5 | BM31: =BL31/BK31 -> 0.6276595 | BO31: 29 | BP31: segunda-feira | BQ31: 3068.6928 | BR31: 2831.53 | BS31: =BR31/BQ31 -> 0.92271535 | BU31: 29 | BV31: quinta-feira | BW31: 3978.4726 | BX31: 4429.56 | BY31: =BX31/BW31 -> 1.1133821 | CA31: 29 | CB31: sexta-feira | CC31: 4398.807 | CD31: 5229 | CE31: =CD31/CC31 -> 1.1887314 | CG31: 29 | CH31: segunda-feira | CI31: 3421.8469 | CJ31: 2297.56 | CK31: =CJ31/CI31 -> 0.67143858 | CM31: 29 | CN31: quarta-feira | CO31: 4042.7809 | CP31: 2695.66 | CQ31: =CP31/CO31 -> 0.6667836 | CS31: 29 | CT31: sábado | CU31: 5622.4805 | CV31: 5251.02 | CW31: =CV31/CU31 -> 0.93393298 | CY31: 29 | CZ31: segunda-feira | DA31: 2939.2712 | DB31: 2989.59 | DC31: =DB31/DA31 -> 1.0171195 | DE31: 29 | DF31: quinta-feira | DG31: 3410.6577 | DH31: 3207.61 | DI31: =DH31/DG31 -> 0.94046671 | DK31: 29 | DL31: domingo | DM31: 3817.0635 | DN31: 2706.52 | DO31: =DN31/DM31 -> 0.70905815 | DQ31: 29 | DR31: terça-feira | DS31: 3195.7761 | DT31: 2468.53 | DU31: =DT31/DS31 -> 0.77243522 | DW31: 29 | DX31: sexta-feira | DY31: 3392.4293 | DZ31: 2607 | EA31: =DZ31/DY31 -> 0.76847584 | EC31: 29 | ED31: domingo | EE31: 4361.2149 | EF31: 3085.75 | EG31: =EF31/EE31 -> 0.70754367 | EI31: 29 | EJ31: quarta-feira | EK31: 3307.1147 | EL31: 4014.01 | EM31: =EL31/EK31 -> 1.2137498 | EO31: Total | EQ31: =SUM(EQ3:EQ30) -> 108039.85 | ER31: =SUM(ER3:ER30) -> 120838.83 | ES31: =ER31/EQ31 -> 1.1184654 | EU31: 29 | EV31: sábado | EW31: 5238.8684 | EX31: 3820.25 | EY31: =EX31/EW31 -> 0.72921283 | FA31: 29 | FB31: terça-feira | FC31: 3878.677 | FD31: 2110.78 | FE31: =FD31/FC31 -> 0.54420103 | FG31: 29 | FH31: quinta-feira | FI31: 3926.0768 | FJ31: 1925.53 | FK31: =FJ31/FI31 -> 0.49044634 | FM31: 29 | FN31: domingo | FO31: 4213.6482 | FP31: 3844.15 | FQ31: =FP31/FO31 -> 0.91230921 | FS31: 29 | FT31: terça-feira | FU31: 2925.9639 | FV31: 2105.26 | FW31: =FV31/FU31 -> 0.7195099 | FY31: 29 | FZ31: sexta-feira | GA31: 3374.1856 | GB31: 3126.91 | GC31: =GB31/GA31 -> 0.92671548 | GE31: 29 | GF31: segunda-feira | GG31: 2544.1185 | GH31: 2091.01 | GI31: =GH31/GG31 -> 0.82189962 | GK31: 29 | GL31: quarta-feira | GM31: 3098.3747 | GN31: 2232.03 | GO31: =GN31/GM31 -> 0.72038738 | GQ31: 29 | GR31: sábado | GS31: 4984.5623 | GT31: 2383.5 | GU31: =GT31/GS31 -> 0.47817639 | GW31: 29 | GX31: segunda-feira | GY31: 2356.8541 | GZ31: 3029 | HA31: =GZ31/GY31 -> 1.2851878 | HC31: 29 | HD31: quinta-feira | HE31: 3129.2094 | HF31: 3109 | HG31: =HF31/HE31 -> 0.99354169 | HI31: Total | HK31: =SUM(HK3:HK30) -> 97606.321 | HL31: =SUM(HL3:HL30) -> 86783.33 | HM31: =HL31/HK31 -> 0.88911588 | HO31: 29 | HP31: domingo | HQ31: 4694.9778 | HR31: 4400.5 | HS31: =HR31/HQ31 -> 0.93727814 | HU31: 29 | HV31: quarta-feira | HW31: 2951.8025 | HX31: 3424.5 | HY31: =HX31/HW31 -> 1.1601386 | IA31: 29 | IB31: sexta-feira | IC31: 2874.8783 | ID31: 3029.5 | IE31: =ID31/IC31 -> 1.0537837
G32: 30 | H32: quinta-feira | I32: 2599.55 | J32: 3012 | K32: =J32/I32 -> 1.1586621 | M32: 30 | N32: domingo | O32: 4495.4793 | P32: 2721 | Q32: =P32/O32 -> 0.60527473 | S32: 30 | T32: terça-feira | U32: 3175.47 | V32: 3672 | W32: =V32/U32 -> 1.1563643 | Y32: 30 | Z32: sexta-feira | AA32: 3615.6194 | AB32: 2997.01 | AC32: =AB32/AA32 -> 0.82890637 | AE32: 30 | AF32: domingo | AG32: 3814.7821 | AH32: 7545.03 | AI32: =AH32/AG32 -> 1.9778404 | AK32: 30 | AL32: quarta-feira | AM32: 3259.2753 | AN32: 3032.01 | AO32: =AN32/AM32 -> 0.93027121 | AQ32: 30 | AR32: sábado | AS32: 4983.3081 | AT32: 6272.5 | AU32: =AT32/AS32 -> 1.258702 | AW32: 30 | AX32: segunda-feira | AY32: 2984.1708 | AZ32: 2202.57 | BA32: =AZ32/AY32 -> 0.73808442 | BC32: 30 | BD32: quinta-feira | BE32: 3575.8307 | BF32: 3455 | BG32: =BF32/BE32 -> 0.96620905 | BI32: 30 | BJ32: sábado | BK32: 5319.0418 | BL32: 4350 | BM32: =BL32/BK32 -> 0.81781647 | BO32: 30 | BP32: terça-feira | BQ32: 3384.925 | BR32: 3881.01 | BS32: =BR32/BQ32 -> 1.1465572 | BU32: Total | BW32: =SUM(BW1:BW31) -> 123817.7 | BX32: =SUM(BX1:BX31) -> 151729.36 | BY32: =BX32/BW32 -> 1.2254254 | CA32: 30 | CB32: sábado | CC32: 5912.077 | CD32: 4470.03 | CE32: =CD32/CC32 -> 0.75608453 | CG32: 30 | CH32: terça-feira | CI32: 3787.9865 | CJ32: 3683.05 | CK32: =CJ32/CI32 -> 0.97229756 | CM32: 30 | CN32: quinta-feira | CO32: 4144.624 | CP32: 2140.55 | CQ32: =CP32/CO32 -> 0.51646422 | CS32: 30 | CT32: domingo | CU32: 5211.9011 | CV32: 5516.01 | CW32: =CV32/CU32 -> 1.0583489 | CY32: 30 | CZ32: terça-feira | DA32: 3688.5249 | DB32: 3831.03 | DC32: =DB32/DA32 -> 1.0386347 | DE32: 30 | DF32: sexta-feira | DG32: 3693.5211 | DH32: 2801.6 | DI32: =DH32/DG32 -> 0.75851739 | DK32: 30 | DL32: segunda-feira | DM32: 2758.3412 | DN32: 3228.05 | DO32: =DN32/DM32 -> 1.1702867 | DQ32: 30 | DR32: quarta-feira | DS32: 3018.0552 | DT32: 2949 | DU32: =DT32/DS32 -> 0.97711929 | DW32: 30 | DX32: sábado | DY32: 4387.43 | DZ32: 3276.02 | EA32: =DZ32/DY32 -> 0.74668314 | EC32: 30 | ED32: segunda-feira | EE32: 3478.477 | EF32: 2174.5 | EG32: =EF32/EE32 -> 0.62512991 | EI32: 30 | EJ32: quinta-feira | EK32: 3270.1531 | EL32: 3410.67 | EM32: =EL32/EK32 -> 1.0429695 | EU32: 30 | EV32: domingo | EW32: 4690.301 | EX32: 3108 | EY32: =EX32/EW32 -> 0.66264404 | FA32: 30 | FB32: quarta-feira | FC32: 3929.0711 | FD32: 3014.75 | FE32: =FD32/FC32 -> 0.76729332 | FG32: 30 | FH32: sexta-feira | FI32: 4211.0293 | FJ32: 2221.78 | FK32: =FJ32/FI32 -> 0.52760972 | FM32: 30 | FN32: segunda-feira | FO32: 3046.4022 | FP32: 1652.16 | FQ32: =FP32/FO32 -> 0.54233154 | FS32: 30 | FT32: quarta-feira | FU32: 3453.1279 | FV32: 2285.01 | FW32: =FV32/FU32 -> 0.66172179 | FY32: 30 | FZ32: sábado | GA32: 4768.5024 | GB32: 3471.5 | GC32: =GB32/GA32 -> 0.72800634 | GE32: 30 | GF32: terça-feira | GG32: 2506.3233 | GH32: 2125.52 | GI32: =GH32/GG32 -> 0.84806299 | GK32: 30 | GL32: quinta-feira | GM32: 3151.4242 | GN32: 1986 | GO32: =GN32/GM32 -> 0.63019127 | GQ32: 30 | GR32: domingo | GS32: 4423.4333 | GT32: 4227.5 | GU32: =GT32/GS32 -> 0.9557056 | GW32: 30 | GX32: terça-feira | GY32: 2287.0304 | GZ32: 2334.51 | HA32: =GZ32/GY32 -> 1.0207604 | HC32: 30 | HD32: sexta-feira | HE32: 2824.9616 | HF32: 2112 | HG32: =HF32/HE32 -> 0.74762079 | HO32: 30 | HP32: segunda-feira | HQ32: 2600.9631 | HR32: 2178 | HS32: =HR32/HQ32 -> 0.83738212 | HU32: 30 | HV32: quinta-feira | HW32: 2871.1989 | HX32: 2596.5 | HY32: =HX32/HW32 -> 0.90432606 | IA32: 30 | IB32: sábado | IC32: 4633.3495 | ID32: 4465 | IE32: =ID32/IC32 -> 0.96366571
G33: 31 | H33: sexta-feira | I33: 3555.4125 | J33: 7191.5 | K33: =J33/I33 -> 2.0226908 | M33: Total | O33: =SUM(O3:O32) -> 110965.26 | P33: =SUM(P3:P32) -> 99572.5 | Q33: =P33/O33 -> 0.89733041 | S33: 31 | T33: quarta-feira | U33: 3056.8185 | V33: 2701.5 | W33: =V33/U33 -> 0.883762 | Y33: Total | AA33: =SUM(AA3:AA32) -> 97731.472 | AB33: =SUM(AB3:AB32) -> 93219.08 | AC33: =AB33/AA33 -> 0.95382867 | AE33: 31 | AF33: segunda-feira | AG33: 2577.6316 | AH33: 2890 | AI33: =AH33/AG33 -> 1.1211842 | AK33: 31 | AL33: quinta-feira | AM33: 2961.4519 | AN33: 4048.52 | AO33: =AN33/AM33 -> 1.3670727 | AQ33: Total | AS33: =SUM(AS3:AS32) -> 117310.26 | AT33: =SUM(AT3:AT32) -> 110107.27 | AU33: =AT33/AS33 -> 0.93859882 | AW33: 31 | AX33: terça-feira | AY33: 3688.7947 | AZ33: 2904.5 | BA33: =AZ33/AY33 -> 0.78738456 | BI33: 31 | BJ33: domingo | BK33: 0 | BL33: 0 | BO33: 31 | BP33: quarta-feira | BQ33: 3756.9044 | BR33: 3380 | BS33: =BR33/BQ33 -> 0.89967686 | CA33: 31 | CB33: domingo | CC33: 6068.5452 | CD33: 3468.12 | CE33: =CD33/CC33 -> 0.57149117 | CG33: Total | CI33: =SUM(CI3:CI33) -> #REF! | CJ33: =SUM(CJ3:CJ33) -> #REF! | CK33: =CJ33/CI33 -> #REF! | CM33: 31 | CN33: sexta-feira | CO33: 4759.3194 | CP33: 2462.5 | CQ33: =CP33/CO33 -> 0.51740591 | CS33: Total | CU33: =SUM(CU3:CU33) -> #REF! | CV33: =SUM(CV3:CV33) -> #REF! | CW33: =CV33/CU33 -> #REF! | CY33: 31 | CZ33: quarta-feira | DA33: 3391.5486 | DB33: 2610.6 | DC33: =DB33/DA33 -> 0.76973687 | DE33: 31 | DF33: sábado | DG33: 4876.4236 | DH33: 2807.51 | DI33: =DH33/DG33 -> 0.57573137 | DK33: Total | DM33: =SUM(DM3:DM33) -> #REF! | DN33: =SUM(DN3:DN33) -> #REF! | DO33: =DN33/DM33 -> #REF! | DQ33: 31 | DR33: quinta-feira | DS33: 2876.6968 | DT33: 3705.03 | DU33: =DT33/DS33 -> 1.2879459 | DW33: Total | DY33: =SUM(DY3:DY33) -> #REF! | DZ33: =SUM(DZ3:DZ33) -> #REF! | EA33: =DZ33/DY33 -> #REF! | ED33: terça-feira | EF33: 0 | EI33: 31 | EJ33: sexta-feira | EK33: 3395.1738 | EL33: 4003.76 | EM33: =EL33/EK33 -> 1.1792504 | EU33: 31 | EV33: segunda-feira | EW33: 3506.3663 | EX33: 2419.5 | EY33: =EX33/EW33 -> 0.69003058 | FA33: Total | FC33: =SUM(FC3:FC32) -> 127575.39 | FD33: =SUM(FD3:FD32) -> 76405.63 | FE33: =FD33/FC33 -> 0.59890573 | FG33: 31 | FH33: sábado | FI33: 5462.333 | FJ33: 4849.76 | FK33: =FJ33/FI33 -> 0.88785505 | FM33: Total | FO33: =SUM(FO3:FO32) -> 109785.17 | FP33: =SUM(FP3:FP32) -> 74120.96 | FQ33: =FP33/FO33 -> 0.67514547 | FS33: 31 | FT33: quinta-feira | FU33: 3309.5277 | FV33: 2123.8 | FW33: =FV33/FU33 -> 0.64172299 | FY33: 31 | FZ33: domingo | GA33: 4265.0085 | GB33: 4099.5 | GC33: =GB33/GA33 -> 0.96119386 | GE33: Total | GG33: =SUM(GG3:GG32) -> 95022.532 | GH33: =SUM(GH3:GH32) -> 71818.42 | GI33: =GH33/GG33 -> 0.7558041 | GK33: 31 | GL33: sexta-feira | GM33: 3011.9163 | GN33: 1035 | GO33: =GN33/GM33 -> 0.34363504 | GQ33: Total | GS33: =SUM(GS3:GS33) -> #REF! | GT33: =SUM(GT3:GT33) -> #REF! | GU33: =GT33/GS33 -> #REF! | GW33: 31 | GX33: quarta-feira | GY33: 0 | GZ33: 0 | HC33: 31 | HD33: sábado | HE33: 3969.1895 | HF33: 4380.5 | HG33: =HF33/HE33 -> 1.1036258 | HO33: 31 | HP33: terça-feira | HQ33: 2691.1035 | HR33: 2128 | HS33: =HR33/HQ33 -> 0.79075369 | HU33: Total | HW33: =SUM(HW2:HW32) -> 99042.269 | HX33: =SUM(HX2:HX32) -> 81627.6 | HY33: =HX33/HW33 -> 0.82416932 | IA33: 31 | IB33: domingo | IC33: 4467.7141 | ID33: 3762 | IE33: =ID33/IC33 -> 0.84204135
G34: Total | I34: =SUM(I3:I33) -> 115045.85 | J34: =SUM(J3:J33) -> 103027.81 | K34: =J34/I34 -> 0.89553695 | S34: Total | U34: =SUM(U3:U33) -> 105229.09 | V34: =SUM(V3:V33) -> 85432.5 | W34: =V34/U34 -> 0.81187155 | AE34: Total | AG34: =SUM(AG3:AG33) -> 104019.75 | AH34: =SUM(AH3:AH33) -> 128924.2 | AI34: =AH34/AG34 -> 1.2394205 | AK34: Total | AM34: =SUM(AM3:AM33) -> 107505.38 | AN34: =SUM(AN3:AN33) -> 118105.28 | AO34: =AN34/AM34 -> 1.0985988 | AW34: Total | AY34: =SUM(AY3:AY33) -> 121948.19 | AZ34: =SUM(AZ3:AZ33) -> 125260.71 | BA34: =AZ34/AY34 -> 1.0271633 | BC34: Total | BE34: =SUM(BE3:BE33) -> 120235.3 | BF34: =SUM(BF3:BF33) -> 119127.72 | BG34: =BF34/BE34 -> 0.99078825 | BI34: Total | BK34: =SUM(BK3:BK33) -> 119728.51 | BL34: =SUM(BL3:BL33) -> 104909.69 | BM34: =BL34/BK34 -> 0.87622983 | BO34: Total | BQ34: =SUM(BQ3:BQ33) -> 124343.12 | BR34: =SUM(BR3:BR33) -> 131247.91 | BS34: =BR34/BQ34 -> 1.0555301 | CA34: Total | CC34: =SUM(CC3:CC33) -> 141025.34 | CD34: =SUM(CD3:CD33) -> 148517.4 | CE34: =CD34/CC34 -> 1.0531256 | CM34: Total | CO34: =SUM(CO3:CO33) -> 149796.49 | CP34: =SUM(CP3:CP33) -> 77419.42 | CQ34: =CP34/CO34 -> 0.51683068 | CY34: Total | DA34: =SUM(DA3:DA33) -> 119787.6 | DB34: =SUM(DB3:DB33) -> 92996.1 | DC34: =DB34/DA34 -> 0.77634162 | DE34: Total | DG34: =SUM(DG3:DG33) -> 114832.35 | DH34: =SUM(DH3:DH33) -> 82651.69 | DI34: =DH34/DG34 -> 0.71975962 | DQ34: Total | DS34: =SUM(DS3:DS33) -> 94512.466 | DT34: =SUM(DT3:DT32) -> 113871.08 | DU34: =DT34/DS34 -> 1.204826 | EC34: Total | EE34: =SUM(EE3:EE33) -> 116516.38 | EF34: =SUM(EF3:EF33) -> 80120.6 | EG34: =EF34/EE34 -> 0.68763378 | EI34: Total | EK34: =SUM(EK3:EK33) -> 105090.07 | EL34: =SUM(EL3:EL33) -> 118751.68 | EM34: =EL34/EK34 -> 1.129999 | EU34: Total | EW34: =SUM(EW3:EW33) -> 129407.44 | EX34: =SUM(EX3:EX33) -> 111252.51 | EY34: =EX34/EW34 -> 0.8597072 | FG34: Total | FI34: =SUM(FI3:FI33) -> 133367.08 | FJ34: =SUM(FJ3:FJ33) -> 89507.4 | FK34: =FJ34/FI34 -> 0.67113565 | FS34: Total | FU34: =SUM(FU3:FU33) -> 110664.59 | FV34: =SUM(FV3:FV33) -> 78307.77 | FW34: =FV34/FU34 -> 0.70761361 | FY34: Total | GA34: =SUM(GA3:GA33) -> 110311.12 | GB34: =SUM(GB3:GB33) -> 86057.43 | GC34: =GB34/GA34 -> 0.78013377 | GK34: Total | GM34: =SUM(GM3:GM33) -> 99233.806 | GN34: =SUM(GN3:GN33) -> 114187.53 | GO34: =GN34/GM34 -> 1.1506918 | GW34: Total | GY34: =SUM(GY3:GY33) -> 87443.49 | GZ34: =SUM(GZ3:GZ33) -> 78078.14 | HA34: =GZ34/GY34 -> 0.89289826 | HC34: Total | HE34: =SUM(HE3:HE33) -> 95480.369 | HF34: =SUM(HF3:HF33) -> 119219.13 | HG34: =HF34/HE34 -> 1.2486245 | HO34: Total | HQ34: =SUM(HQ3:HQ33) -> 105356.82 | HR34: =SUM(HR3:HR33) -> 80248.51 | HS34: =HR34/HQ34 -> 0.7616831 | IA34: Total | IC34: =SUM(IC3:IC33) -> 103295.81 | ID34: =SUM(ID3:ID33) -> 99306.09 | IE34: =ID34/IC34 -> 0.96137575

Sheet Página1
A1: data | B1: meta
A2: 46082 | B2: 4694.9778
A3: 46083 | B3: 2600.9631
A4: 46084 | B4: 2691.1035
A5: 46085 | B5: 3000.2225
A6: 46086 | B6: 3049.4403
A7: 46087 | B7: 3011.866
A8: 46088 | B8: 4793.8711
A9: 46089 | B9: 4694.9778
A10: 46090 | B10: 2600.9631
A11: 46091 | B11: 2691.1035
A12: 46092 | B12: 3000.2225
A13: 46093 | B13: 3049.4403
... A32: 46112 | B32: 2691.1035
